,celltype_new
AAACAGCCAACCGCCA-1,Upper Layer
AAACAGCCAAGGTCGA-1,RG
AAACAGCCAGGAACAT-1,Deeper Layer
AAACAGCCATATTGAC-1,Deeper Layer
AAACAGCCATGGTTAT-1,Subplate
AAACATGCACTTACAG-1,ExM
AAACCAACAACTGGGA-1,Cyc. Prog.
AAACCGCGTCACCAAA-1,RG
AAACCGCGTGCAATGC-1,Upper Layer
AAACCGGCAACTAACT-1,Upper Layer
AAACCGGCAATTAGGA-1,Deeper Layer
AAACGCGCAGCTAATT-1,Deeper Layer
AAACGCGCAGTTATCG-1,RG
AAACGCGCATCACTTC-1,Upper Layer
AAACGTACAAGGCCAA-1,ExM
AAACGTACATCCTGAA-1,Deeper Layer
AAACGTACATGTGGGA-1,Upper Layer
AAAGCAAGTGAGGTAG-1,RG
AAAGCAAGTTGCTGGG-1,Deeper Layer
AAAGCACCAACTGGCT-1,RG
AAAGCCCGTATGGTGC-1,RG
AAAGCCCGTTCACCAT-1,IPC
AAAGCCGCACAACCTA-1,ExM
AAAGCCGCAGGCAAGC-1,RG
AAAGCCGCATCCGTAA-1,Deeper Layer
AAAGCTTGTCATGCCC-1,Cyc. Prog.
AAAGGAGCAATTTAGC-1,Deeper Layer
AAAGGCTCAAATATCC-1,Subplate
AAAGGCTCAAGGTACG-1,Upper Layer
AAAGGCTCAATATACC-1,ExM
AAAGGCTCAATCCCTT-1,Deeper Layer
AAAGGCTCACCTGGTG-1,Subplate
AAAGGCTCATAGCGGA-1,RG
AAAGGCTCATTGGGAG-1,Cyc. Prog.
AAAGGTTAGCTTACTT-1,Upper Layer
AAAGGTTAGTTGCGTG-1,Upper Layer
AAAGGTTAGTTTGAGC-1,Upper Layer
AAATGCCTCATAATCG-1,Deeper Layer
AAATGCCTCGATTCTT-1,Cyc. Prog.
AACAGATAGAGGAGTC-1,Cyc. Prog.
AACAGCAAGTTAGTGC-1,Upper Layer
AACAGCAAGTTATCCT-1,Subplate
AACAGGATCAATGTGC-1,IPC
AACAGGATCGATTTAG-1,Deeper Layer
AACATAGCAACCCTAA-1,RG
AACATAGCACCTGGTG-1,Deeper Layer
AACATAGCATAAACCT-1,Deeper Layer
AACATTGTCACCTGTC-1,ExM
AACATTGTCCCGCATT-1,Deeper Layer
AACATTGTCGATTCTT-1,Cyc. Prog.
AACCCGCAGGCCAATT-1,Cyc. Prog.
AACCGCTCAATAATCC-1,Deeper Layer
AACCGCTCAATCCCTT-1,Upper Layer
AACCGCTCACCTAAGC-1,Subplate
AACCTCACAGGTTCAC-1,ExM
AACCTCCTCAGGTCCA-1,ExM
AACCTCCTCGGGCCAT-1,ExM
AACCTCCTCTCGCCCA-1,IPC
AACCTTAAGGGCTAAA-1,Deeper Layer
AACCTTAAGTAACAGG-1,Upper Layer
AACCTTGCAGCGCTTG-1,ExM
AACGACAAGCATGTTA-1,Deeper Layer
AACGACAAGTAAGTCC-1,Subplate
AACGACAAGTCACGAT-1,Upper Layer
AACGCCCAGCACTAGT-1,IPC
AACGCCCAGGACAATG-1,IPC
AACGCTAGTCAGGCCA-1,Deeper Layer
AACTACTCAAACGGGC-1,ExM
AACTACTCAGCCTGCA-1,Deeper Layer
AACTACTCAGCTCATA-1,ExM
AACTAGCTCAATGTGC-1,Subplate
AACTAGCTCAGCACGC-1,RG
AACTAGCTCGCGACAC-1,Upper Layer
AACTCACAGATGGAGC-1,ExM
AACTCACAGTCATTGA-1,Upper Layer
AACTCACAGTTTGCGG-1,RG
AACTGTTCACTTAGGC-1,Deeper Layer
AACTGTTCATAATCGT-1,Deeper Layer
AACTTAGTCACAAGCT-1,Subplate
AACTTAGTCATTTGTC-1,ExM
AACTTAGTCCCGCATT-1,RG
AAGAATCAGGCTAAGA-1,Deeper Layer
AAGAATCAGTGTTGTA-1,ExM
AAGACATAGGACTTAC-1,Deeper Layer
AAGACATAGGCATGTT-1,Deeper Layer
AAGACATAGGCTGTCA-1,Upper Layer
AAGACATAGTTACCGG-1,Upper Layer
AAGACCAAGCACTAAC-1,Subplate
AAGACCAAGCAGGCCT-1,Cyc. Prog.
AAGACCAAGCGAAGTA-1,Deeper Layer
AAGCAAGTCGCTAGTG-1,Deeper Layer
AAGCAAGTCTGTTCAT-1,ExM
AAGCATGAGGTCCTGA-1,IPC
AAGCCACGTGTTGCTT-1,Upper Layer
AAGCCACGTTTGTGGA-1,Cyc. Prog.
AAGCCTCCATGTCAGC-1,Upper Layer
AAGCCTGTCATGGTTA-1,Subplate
AAGCCTGTCCTAGTCC-1,ExM
AAGCCTTAGTAAGTGG-1,Deeper Layer
AAGCGAATCCCTGGTT-1,Subplate
AAGCGAATCGACAAAG-1,Upper Layer
AAGCGAGGTGTTGCTT-1,Subplate
AAGCGAGGTTCGGTAA-1,Deeper Layer
AAGCGGGTCCAGGTCA-1,Deeper Layer
AAGCGGGTCCCATAGG-1,Subplate
AAGCGTTTCTAAGGAG-1,ExM
AAGCGTTTCTTGTTCG-1,Subplate
AAGCTAGAGGCCTAAT-1,Deeper Layer
AAGCTAGAGGGACCTC-1,Deeper Layer
AAGCTAGAGGTTACGT-1,Deeper Layer
AAGCTATGTGTCCTGC-1,ExM
AAGCTATGTTACATCC-1,Subplate
AAGCTTGGTAACGTGC-1,RG
AAGCTTGGTCAATACG-1,Upper Layer
AAGCTTGGTGTTTGTC-1,Subplate
AAGCTTGGTTTGCAGA-1,Upper Layer
AAGGAAGCAGGCTTCG-1,ExM
AAGGATGTCCGGCTAA-1,ExM
AAGGATTAGGTTAGAG-1,Upper Layer
AAGGATTAGTAGCGGG-1,Deeper Layer
AAGGCCCTCTCTAGCC-1,Subplate
AAGGTATAGGACACTT-1,Deeper Layer
AAGGTATAGGTTACGT-1,Deeper Layer
AAGGTCAAGGCTTAAC-1,Deeper Layer
AAGGTGCAGGAGGTTA-1,Upper Layer
AAGTAGCCAGCTCATA-1,Deeper Layer
AAGTCTATCCAGCACA-1,Deeper Layer
AAGTGAAGTGATCATG-1,ExM
AAGTGCAAGAATCGCT-1,Upper Layer
AAGTGCAAGGGTCCAC-1,Deeper Layer
AAGTGCAAGTCATTGA-1,Subplate
AAGTGTTGTACCCACC-1,Upper Layer
AAGTGTTGTATTGGTG-1,ExM
AAGTGTTGTTTGCTGT-1,Subplate
AAGTTACGTATTGCAG-1,ExM
AAGTTACGTCCTAAGA-1,Upper Layer
AAGTTACGTGTAACCA-1,RG
AAGTTAGCAATAATCC-1,RG
AAGTTAGCAGGTCCTG-1,Upper Layer
AAGTTTGTCAAATCGC-1,Upper Layer
AAGTTTGTCATTACAG-1,Deeper Layer
AATAACCGTAAGCTCA-1,Upper Layer
AATAACCGTCCACAAA-1,Deeper Layer
AATAACCGTGTGAGGA-1,Deeper Layer
AATAACCGTTACTAGG-1,ExM
AATAGAGGTCGTAAAT-1,Deeper Layer
AATAGAGGTGCATCGG-1,Upper Layer
AATAGCTGTGATGATT-1,ExM
AATAGCTGTTGCTGGG-1,Deeper Layer
AATATCCCAACCTGGT-1,Cyc. Prog.
AATATCCCAATTGCGC-1,ExM
AATATCCCACACTAAT-1,ExM
AATATCCCAGCAAATA-1,IPC
AATCATCCACAAAGGT-1,Subplate
AATCATCCAGTTATCG-1,Upper Layer
AATCATCCATCCCGCT-1,RG
AATCCATCAGGCTACT-1,ExM
AATCCCTGTTTGCTGT-1,mGPC/OPC
AATCCGTAGAAGCTAG-1,Upper Layer
AATCCGTAGTATTGCA-1,ExM
AATCCGTAGTTAGCCG-1,Upper Layer
AATCCTAAGCAAGGTA-1,Subplate
AATCGCCCAGATAGAC-1,Upper Layer
AATCGCCCATAAGGAC-1,Subplate
AATCTTGAGGTAGCTT-1,Upper Layer
AATGCATGTCAGGCAT-1,Deeper Layer
AATGCATGTGATCAGC-1,Upper Layer
AATGCATGTTGGTTCT-1,ExM
AATGCATGTTGTTGTC-1,Subplate
AATGCGCGTTACGCGG-1,Upper Layer
AATGGCGCACATAGCC-1,Subplate
AATGGCGCAGGCATCT-1,Upper Layer
AATGGCGCAGGCTAGA-1,Deeper Layer
AATGTCATCCTGCGAA-1,Deeper Layer
AATGTCATCGGTTTGG-1,Deeper Layer
AATGTCATCTCACACC-1,Deeper Layer
AATGTCCAGAACCTGT-1,Upper Layer
AATGTCCAGATAAAGC-1,Subplate
AATGTCCAGGGATGCG-1,Deeper Layer
AATGTCCAGTGCACGC-1,RG
AATGTCCAGTTAGCTA-1,RG
AATTAGGCACAAAGAC-1,Upper Layer
AATTAGGCATTATGGT-1,ExM
AATTGACGTTACTAGG-1,Upper Layer
AATTGCCAGCCTGATG-1,ExM
AATTGCCAGTATCGCG-1,Deeper Layer
AATTGCCAGTTTGAGC-1,Upper Layer
AATTGCTCACAGCCTG-1,Deeper Layer
AATTGCTCACGTAAGG-1,RG
AATTGCTCAGTCTAGC-1,Cyc. Prog.
AATTGTGTCAAATCGC-1,Upper Layer
AATTGTGTCACGTTAA-1,Upper Layer
AATTGTGTCGCTTCTA-1,Deeper Layer
AATTTGGTCCTGCGAA-1,Subplate
ACAAACTGTTCTTTAG-1,Deeper Layer
ACAAACTGTTGCAATG-1,IPC
ACAAAGGTCACCGGTA-1,ExM
ACAAAGGTCTTGCAGG-1,ExM
ACAACAACAATCTCTC-1,Deeper Layer
ACAACAACAATTTAGC-1,RG
ACAACAACAGAATGAC-1,Deeper Layer
ACAACATGTACCGGAT-1,RG
ACAACATGTGCTGGTG-1,Upper Layer
ACAACATGTGTTGCAA-1,Deeper Layer
ACAACATGTGTTGTGA-1,Upper Layer
ACACCTTGTGTTGCAA-1,Upper Layer
ACACCTTGTTTATGGG-1,Deeper Layer
ACACGGACAAACCTTG-1,Deeper Layer
ACACTAATCATGCGTG-1,Deeper Layer
ACACTAATCCATCAGG-1,ExM
ACACTAATCGCATTAA-1,Upper Layer
ACACTAGGTCAAACTG-1,IPC
ACACTAGGTTAGAGCC-1,ExM
ACACTTAAGTAATCCA-1,Deeper Layer
ACACTTAAGTTGTCTT-1,Upper Layer
ACACTTGCAAGTAAGC-1,Upper Layer
ACACTTGCAATAAGCA-1,Cyc. Prog.
ACACTTGCAGCAAGTG-1,Deeper Layer
ACAGCGCTCAATGTGC-1,Deeper Layer
ACAGCGCTCCCGAACA-1,Upper Layer
ACAGCGCTCGGTTACG-1,ExM
ACAGCGCTCTGTGAGT-1,Subplate
ACAGGAATCATGAAGG-1,ExM
ACAGGAATCTTGGACG-1,Deeper Layer
ACAGGATCACTGGCTG-1,Deeper Layer
ACAGGATCAGACAAAC-1,Deeper Layer
ACAGGATCAGGCTAGA-1,Subplate
ACAGGATCATCATGTG-1,ExM
ACAGTATGTTGGATAT-1,Upper Layer
ACATAGCTCGGTTTGG-1,Deeper Layer
ACATCAATCCCTCATA-1,Cyc. Prog.
ACATCAATCCGGTTGA-1,Upper Layer
ACATCAATCGAGCAAA-1,Upper Layer
ACATCAATCGGTACGC-1,Deeper Layer
ACATCAATCTTAGCGG-1,Deeper Layer
ACATCATCAACAGGTG-1,Upper Layer
ACATCATCAGTAAAGC-1,Deeper Layer
ACATTAGTCAGTGAAG-1,Deeper Layer
ACATTGCAGATTGAGG-1,RG
ACATTGCAGTCAATCA-1,Deeper Layer
ACCAAACTCCTCACAC-1,Deeper Layer
ACCAAACTCTCACTAT-1,Deeper Layer
ACCAAGCGTAAAGCGG-1,ExM
ACCAAGCGTCCAAATG-1,ExM
ACCAAGCGTGCCGCAA-1,Subplate
ACCAAGCGTTGACTTC-1,Deeper Layer
ACCAAGCGTTGTTGCT-1,Subplate
ACCAAGCGTTTGGCTT-1,Deeper Layer
ACCAAGTTCCAAGTTA-1,Deeper Layer
ACCAAGTTCTTCAATC-1,RG
ACCAATATCGATTTGA-1,RG
ACCAATATCGGTTACG-1,RG
ACCACACCATCACAGC-1,Deeper Layer
ACCACATAGCGAGGTG-1,ExM
ACCAGCTCACCCTCAC-1,ExM
ACCAGCTCAGGCTTGT-1,ExM
ACCAGGACACCTCAGG-1,Deeper Layer
ACCAGGACAGAAACGT-1,Deeper Layer
ACCAGGACAGGCGATA-1,Upper Layer
ACCAGGCTCATGCTCC-1,Deeper Layer
ACCAGGCTCTTGAGGT-1,Deeper Layer
ACCAGGGAGACAACGA-1,Deeper Layer
ACCAGGGAGCAATAGG-1,ExM
ACCAGGGAGGAAACTG-1,ExM
ACCATAATCCAGCACA-1,RG
ACCATTAAGCACAGAA-1,IPC
ACCATTAAGCCGCAAC-1,Subplate
ACCATTAAGGTCAAAG-1,Deeper Layer
ACCATTAAGTAAGTGG-1,Deeper Layer
ACCCAACCAACCTAAT-1,RG
ACCCAACCATTAAACC-1,IPC
ACCCAGGGTGTAACCA-1,Upper Layer
ACCCGCTGTTCCATTA-1,Deeper Layer
ACCCGGTAGATAAAGC-1,IPC
ACCCGGTAGCCTGATG-1,ExM
ACCCGGTAGCTTACTT-1,Cyc. Prog.
ACCCGGTAGGACTTAC-1,ExM
ACCCGGTAGTAGAGGC-1,Upper Layer
ACCCTCCCAATAATCC-1,ExM
ACCCTGTTCAATGTGC-1,Deeper Layer
ACCCTGTTCAGGAACA-1,Upper Layer
ACCGAAGCATGCAACC-1,Subplate
ACCGAAGCATTGACAT-1,ExM
ACCGCAATCGATTATG-1,ExM
ACCGGCTAGCGCTCAA-1,IPC
ACCGGCTAGGCCGGAA-1,Deeper Layer
ACCGGCTAGGTACCGC-1,RG
ACCGGTTCAAGATTCT-1,Subplate
ACCGGTTCATTAAAGG-1,RG
ACCTAAATCAGCAAAG-1,Subplate
ACCTAAATCGAGGAGT-1,Subplate
ACCTAAGGTCCTTTAA-1,Deeper Layer
ACCTACCTCACCTGTC-1,Deeper Layer
ACCTACCTCACGAATC-1,Deeper Layer
ACCTACCTCCACCTGT-1,ExM
ACCTACCTCGCAAACT-1,Cyc. Prog.
ACCTCACTCCAAGTGT-1,Deeper Layer
ACCTCACTCTGGCAAT-1,Cyc. Prog.
ACCTGGATCACCGGTA-1,IPC
ACCTGGATCCTCATCA-1,Upper Layer
ACCTGGTCAAACCTTG-1,ExM
ACCTGGTCAACCCTCC-1,ExM
ACCTGGTCAGTAGCCT-1,ExM
ACCTGTTGTACCAGGT-1,Deeper Layer
ACCTGTTGTTCACCAT-1,ExM
ACCTGTTGTTGGCGTG-1,Subplate
ACCTTCATCGTTAGTA-1,ExM
ACCTTCCAGCTAATCA-1,ExM
ACCTTCCAGGATTTGC-1,Deeper Layer
ACCTTGTGTATTGCAG-1,IPC
ACCTTGTGTGTCACGG-1,ExM
ACGAACAAGCGCCTTT-1,Upper Layer
ACGAACAAGGTTACGT-1,mGPC/OPC
ACGAACAAGTTATGTG-1,Upper Layer
ACGAAGTCAAGCTTAT-1,ExM
ACGAAGTCACCCACCT-1,IPC
ACGAAGTCAGGACCAA-1,Upper Layer
ACGAAGTCAGGTTCAC-1,Deeper Layer
ACGAATCTCCCGCATT-1,Deeper Layer
ACGAGTAAGGAAGCTA-1,Upper Layer
ACGAGTAAGTGTGATC-1,ExM
ACGCAAGCAATAACGA-1,ExM
ACGCAAGCAGTTTGGC-1,RG
ACGCAAGCATGTTGGC-1,ExM
ACGCACGGTAACCACA-1,RG
ACGCACGGTATTGTCC-1,Subplate
ACGCACGGTGCCTCAC-1,ExM
ACGCACGGTTATCCTA-1,Subplate
ACGCCACAGAAGGTGC-1,Upper Layer
ACGCCACAGAGGGACT-1,Upper Layer
ACGCCACAGGCTTAGT-1,ExM
ACGCCACAGGTCCACA-1,Deeper Layer
ACGCCTAAGTTAGCCG-1,ExM
ACGCTTGAGTTCCCAC-1,Upper Layer
ACGGTACGTGATTTGG-1,Subplate
ACGGTTAGTATGGTGC-1,RG
ACGGTTAGTTAACGGC-1,Subplate
ACGGTTAGTTGTAAAC-1,ExM
ACGGTTTAGCGCTCAA-1,RG
ACGGTTTAGGAACCGG-1,ExM
ACGTACCCAAACTGTT-1,ExM
ACGTACCCAACCGCCA-1,Upper Layer
ACGTCAAGTACAAAGA-1,Deeper Layer
ACGTCAAGTGGCTTCC-1,Subplate
ACGTCAAGTGTTTCAC-1,Deeper Layer
ACGTCAAGTTACGCGG-1,Upper Layer
ACGTCCTTCACTAATG-1,RG
ACGTCCTTCAGCAAGA-1,Subplate
ACGTTACAGGCCATCA-1,ExM
ACGTTACAGGCCTAAT-1,Deeper Layer
ACGTTGTAGCACTAAC-1,ExM
ACGTTGTAGCACTTGG-1,Subplate
ACGTTGTAGGAGGGTT-1,Upper Layer
ACGTTGTAGTAACGGA-1,Deeper Layer
ACTAAAGCAAACTCAT-1,Deeper Layer
ACTAAAGCAGTTAAAG-1,RG
ACTAACCAGCCACAAT-1,ExM
ACTAACCAGCTTAACA-1,Deeper Layer
ACTAACTCAAGTGAAC-1,Deeper Layer
ACTAACTCACCAAAGG-1,RG
ACTAACTCACCCACAG-1,Deeper Layer
ACTAACTCAGCATGGA-1,RG
ACTAACTCAGGAACAT-1,ExM
ACTAACTCATTGCGGT-1,ExM
ACTAACTCATTGTGGC-1,Deeper Layer
ACTAATCCAGTTTCTC-1,Deeper Layer
ACTAATCCATGTTTGG-1,Deeper Layer
ACTAGGCGTCCTCCAA-1,Deeper Layer
ACTAGGCGTTTGGTTC-1,Deeper Layer
ACTATCCGTATCTGGA-1,RG
ACTATCCGTCATGAGC-1,ExM
ACTATCCGTCGTAAAT-1,Upper Layer
ACTATGTCAGGACCTT-1,Subplate
ACTATGTCATGAGCAG-1,Deeper Layer
ACTCACCTCACGCGGT-1,ExM
ACTCACCTCATTGCAA-1,RG
ACTCACTGTGGTTATG-1,Subplate
ACTCACTGTTATCCTA-1,Subplate
ACTCAGTAGCAAGATG-1,Deeper Layer
ACTCAGTAGCCAGGTC-1,Cyc. Prog.
ACTCAGTAGCCGCTTT-1,Deeper Layer
ACTCAGTAGGATCACT-1,ExM
ACTCAGTAGTTACTTC-1,ExM
ACTCCTCAGGCCCAGT-1,Deeper Layer
ACTCCTCAGTATTGCA-1,Deeper Layer
ACTCGCGCAACCCTAA-1,Deeper Layer
ACTCGCGCAGTGAACG-1,Upper Layer
ACTCGCGCAGTTTACG-1,Deeper Layer
ACTCGCGCATAGCGAG-1,Deeper Layer
ACTCGCTTCAAACTCA-1,Cyc. Prog.
ACTCGCTTCAGGCCTA-1,IPC
ACTCGCTTCCTTCTAG-1,ExM
ACTCGCTTCGACAAAG-1,Deeper Layer
ACTCGCTTCTTTGAGA-1,ExM
ACTGAAACAACACCTA-1,Deeper Layer
ACTGAATGTCACAAAT-1,ExM
ACTGAATGTGATTACG-1,Deeper Layer
ACTGAATGTTAATCGG-1,ExM
ACTGAATGTTAGCAGC-1,ExM
ACTTACTTCCACCTGT-1,Cyc. Prog.
ACTTACTTCGCTCACT-1,ExM
ACTTAGGGTAACGGGA-1,Deeper Layer
ACTTAGGGTAATCGTG-1,RG
ACTTAGGGTGATTACG-1,Deeper Layer
ACTTAGTCAAGGGTTG-1,Subplate
ACTTAGTCACCTATAG-1,Upper Layer
ACTTAGTCATCATGTG-1,Deeper Layer
ACTTAGTCATGATTGT-1,Deeper Layer
ACTTAGTCATTTGCTC-1,Subplate
ACTTATCTCGCGCTAA-1,Upper Layer
ACTTATCTCGGTTCCT-1,RG
ACTTATCTCTAACCTT-1,ExM
ACTTATCTCTCACTAT-1,Deeper Layer
ACTTATGAGCGAGTAA-1,Subplate
ACTTATGAGTCACCTC-1,Deeper Layer
ACTTATGAGTTGCGTG-1,Deeper Layer
ACTTGAATCGGGCCAT-1,Upper Layer
ACTTGCACAACCTGGT-1,Upper Layer
ACTTGTAAGCGGATTT-1,ExM
ACTTGTAAGTGTGATC-1,IPC
ACTTTGTTCCACCCTG-1,Upper Layer
AGAAACTAGGACGTAA-1,Subplate
AGAAAGGCAGTTTCTC-1,RG
AGAACAAGTGACCTGG-1,Upper Layer
AGAACAAGTGATCATG-1,Cyc. Prog.
AGAACAAGTTCGCTTG-1,Deeper Layer
AGAACCAAGCAGGCCT-1,Subplate
AGAACCGCAAGTTATC-1,Deeper Layer
AGAACCGCATTAGCCA-1,Deeper Layer
AGAAGGTGTGCTTAGA-1,Upper Layer
AGAAGGTGTGGTTATG-1,Subplate
AGAAGGTGTGTTTGTC-1,ExM
AGAAGGTGTTAATGAC-1,ExM
AGAATCGAGCTCATAA-1,RG
AGAATCGAGTTAACCA-1,Upper Layer
AGAATCTGTGTGTGGT-1,Cyc. Prog.
AGACAATAGCATCCAG-1,Cyc. Prog.
AGACAATAGGTAAGCA-1,Upper Layer
AGACAATAGTTCCCAC-1,Upper Layer
AGACACGCAAGCTACC-1,Deeper Layer
AGACACGCACAGCCTG-1,ExM
AGACACGCATGGTTAT-1,Subplate
AGACCCGGTAGGTGTC-1,Upper Layer
AGACCCGGTTACTTGC-1,Deeper Layer
AGAGAAGCACCAGGTT-1,RG
AGAGAAGCACCTCGCT-1,Deeper Layer
AGAGAAGCATTGTCAG-1,ExM
AGAGAGGAGCAACAAG-1,Deeper Layer
AGAGAGGAGTAGGATG-1,mGPC/OPC
AGAGGAACAGGCCATT-1,IPC
AGAGGAACATAGACCC-1,RG
AGAGGATGTGATGGCT-1,Deeper Layer
AGATGAAGTGCAATAT-1,IPC
AGATGAAGTTACCGGG-1,Deeper Layer
AGATGAAGTTAGGTTG-1,Subplate
AGATGCTTCCACAATA-1,ExM
AGATGCTTCCGGCTAA-1,Deeper Layer
AGATGCTTCTAAGGTC-1,Upper Layer
AGATGCTTCTTGCAAA-1,Deeper Layer
AGCAAATAGAGCAAGC-1,ExM
AGCAAATAGCCAGGTC-1,Upper Layer
AGCAACAAGCTGGACC-1,Cyc. Prog.
AGCAACAAGGAGCACG-1,Subplate
AGCAAGGGTCAAGACC-1,RG
AGCAATACAATCATGT-1,ExM
AGCAATACAGGCTACT-1,ExM
AGCAATACAGTTTGGC-1,ExM
AGCAATTGTTTGGCGG-1,ExM
AGCACAGCAGGATTAA-1,Deeper Layer
AGCACAGCATGCTCCC-1,ExM
AGCACTAGTCACCTAT-1,Deeper Layer
AGCACTAGTCGTTACT-1,Deeper Layer
AGCACTAGTTGTTGCT-1,ExM
AGCACTTAGAGGAGGA-1,ExM
AGCACTTAGGAGGGTT-1,Deeper Layer
AGCAGGTAGCTGTCAG-1,ExM
AGCAGGTAGTTGGGCC-1,ExM
AGCATCCCAAGGTCCT-1,Subplate
AGCATCCCAGCAAGTG-1,Deeper Layer
AGCATCCCAGGGAGGA-1,Deeper Layer
AGCATTTCAGGCTTGT-1,Cyc. Prog.
AGCCAGTGTTAACGGC-1,Upper Layer
AGCCGCTAGGTAACGA-1,Deeper Layer
AGCCGCTAGTTTAACG-1,RG
AGCCGGTTCGATTTGA-1,ExM
AGCCGGTTCGGTACGC-1,ExM
AGCCGGTTCTGGCAAT-1,ExM
AGCCTAAGTAAGTCGC-1,IPC
AGCCTAGTCGAGGAAC-1,IPC
AGCCTCCGTTAATCGG-1,Subplate
AGCCTCCGTTTCGCCA-1,Cyc. Prog.
AGCCTGGGTCTAGCTT-1,RG
AGCCTGGGTTAGGACC-1,Subplate
AGCCTGGGTTTGGGCG-1,Upper Layer
AGCGATTTCAAACCGT-1,RG
AGCGCCTAGTCGCTAG-1,RG
AGCGCTCAGGCTACAT-1,mGPC/OPC
AGCGCTCAGGCTATGT-1,RG
AGCGGACCAGAGGCTA-1,ExM
AGCGGATAGAAAGGAA-1,Deeper Layer
AGCGGATAGTAACCCG-1,RG
AGCGGATAGTTATCCT-1,ExM
AGCGTGCTCCTAAATG-1,Deeper Layer
AGCGTGCTCGGTTTCC-1,Upper Layer
AGCTAAACAGCTAATT-1,Deeper Layer
AGCTAACTCCTGGCTT-1,Deeper Layer
AGCTAACTCGGGATTT-1,Deeper Layer
AGCTACGTCATTAGTG-1,Deeper Layer
AGCTACGTCATTGCAA-1,Upper Layer
AGCTACGTCCCGTTTA-1,Subplate
AGCTACGTCGTAATCA-1,Upper Layer
AGCTACTAGTAGAGGC-1,Deeper Layer
AGCTAGTTCAGCATTA-1,ExM
AGCTAGTTCCTAGTAA-1,ExM
AGCTATATCACTAGGT-1,Subplate
AGCTATATCATTCATC-1,Subplate
AGCTATATCCCTGGAA-1,IPC
AGCTCATAGCGTGCGT-1,RG
AGCTCATAGCTTTGTT-1,ExM
AGCTCATAGTCAATCA-1,RG
AGCTGCTCAAATGCCC-1,Cyc. Prog.
AGCTGCTCATAGCGAG-1,Upper Layer
AGCTTAATCCCTGATC-1,ExM
AGCTTAATCGGTTAGT-1,Upper Layer
AGCTTAATCTTGACCC-1,Deeper Layer
AGCTTCCTCCCGTTGT-1,Deeper Layer
AGCTTCCTCGTTCACC-1,Upper Layer
AGCTTTAAGACACCGC-1,Deeper Layer
AGCTTTAAGACCATAC-1,Upper Layer
AGCTTTAAGGCTAAGA-1,RG
AGCTTTAAGTTGGGCC-1,RG
AGGAAACGTGGATTAT-1,Deeper Layer
AGGAACCAGGTAAGCA-1,Upper Layer
AGGAACGGTCTTTGAC-1,RG
AGGACGTAGGACCAGG-1,Subplate
AGGACGTAGTAACTCA-1,Upper Layer
AGGACTAAGCACTAAC-1,ExM
AGGACTAAGGAGTAAT-1,Deeper Layer
AGGAGCTAGGATCCGC-1,Upper Layer
AGGATATAGATGCCTG-1,ExM
AGGATATAGGCGCTTA-1,Upper Layer
AGGATATAGGCTGGCT-1,Deeper Layer
AGGATCCGTCAATGTG-1,Upper Layer
AGGATGCAGGCGTAAA-1,Subplate
AGGATGCAGGGCTTTG-1,Subplate
AGGATGTCAACTAACT-1,Deeper Layer
AGGATGTCACAACCTA-1,ExM
AGGATGTCAGGTATTT-1,Cyc. Prog.
AGGATGTCATCATGTG-1,Deeper Layer
AGGATTGAGGCAATAG-1,Upper Layer
AGGATTGAGTAACGAG-1,IPC
AGGCAATCACCTACTT-1,Upper Layer
AGGCAATCACTAGCGT-1,Upper Layer
AGGCAATCAGGATGGC-1,Upper Layer
AGGCAATCAGGCGAGT-1,Subplate
AGGCAATCAGTTAAAG-1,Deeper Layer
AGGCAATCATAATTGC-1,Deeper Layer
AGGCAGGTCACTCGCT-1,Deeper Layer
AGGCAGGTCCCATAGG-1,Subplate
AGGCAGGTCCCTCATA-1,ExM
AGGCCCAGTACTGATG-1,ExM
AGGCGGATCACTAAGC-1,ExM
AGGCTAAAGGCGCATC-1,ExM
AGGCTAAAGGGTGAAC-1,Upper Layer
AGGCTAGCACAACCTA-1,Deeper Layer
AGGCTAGCACCTGTAA-1,Upper Layer
AGGCTAGCAGCATGAG-1,ExM
AGGGCCTTCATGCTCC-1,ExM
AGGGCTACAACACTTG-1,Upper Layer
AGGGCTACAAGGTCGA-1,ExM
AGGGCTACAGCTTACA-1,IPC
AGGGTTGCAATAATGG-1,Deeper Layer
AGGGTTGCACAAAGAC-1,Deeper Layer
AGGTACGCAAGCCACT-1,ExM
AGGTATTGTCAAGACC-1,Deeper Layer
AGGTATTGTCATTAGG-1,Deeper Layer
AGGTATTGTTAGTACG-1,Deeper Layer
AGGTCAAAGGTCCGTA-1,Subplate
AGGTCATTCTCACATT-1,Deeper Layer
AGGTCCGGTAACTACG-1,ExM
AGGTCTTAGGAGTCGG-1,ExM
AGGTGAATCAAGTGTC-1,RG
AGGTGAATCATGTCAA-1,ExM
AGGTGAATCATTACGA-1,Upper Layer
AGGTGAATCTCATCAT-1,Subplate
AGGTGAGGTGAGACTC-1,RG
AGGTTAACACAGCCTG-1,Deeper Layer
AGGTTAACACTAGGTC-1,Deeper Layer
AGGTTAACAGAAATTG-1,IPC
AGGTTACTCATCCTGC-1,IPC
AGGTTACTCTCCTCTT-1,Subplate
AGGTTAGAGCCGCTTT-1,Subplate
AGGTTAGAGTAAGTGG-1,RG
AGGTTAGAGTTACCGG-1,RG
AGGTTGCGTCATCATC-1,ExM
AGGTTTGGTAGCTGGT-1,Upper Layer
AGGTTTGGTGTTGTGA-1,Upper Layer
AGTAACACACCTGCCT-1,ExM
AGTAACACAGATTCAT-1,Subplate
AGTAACACAGGCTGTT-1,RG
AGTAACCTCAACAAGG-1,Upper Layer
AGTAACCTCAGCTAAC-1,Subplate
AGTAACCTCCCATAGG-1,ExM
AGTAACCTCCCTCAGT-1,Cyc. Prog.
AGTAATGCACGAATCC-1,Deeper Layer
AGTACGCGTAGTAAGA-1,Upper Layer
AGTACGCGTCGCGCAA-1,Upper Layer
AGTAGGATCCCTCACG-1,Subplate
AGTCAAGAGACTCGCA-1,Upper Layer
AGTCCTGAGGGATGCG-1,ExM
AGTCCTTGTAATCCCT-1,RG
AGTCCTTGTCGCGCAA-1,Deeper Layer
AGTCCTTGTTTCGCGC-1,RG
AGTCGCATCCGTGACA-1,Deeper Layer
AGTCGCATCGCTCACT-1,Deeper Layer
AGTCGCATCGGTAACT-1,Deeper Layer
AGTCTTGCATTGCGAC-1,Upper Layer
AGTGAGTCAATTGACT-1,Deeper Layer
AGTGAGTCACTTGTTC-1,ExM
AGTGAGTCAGGTTAAA-1,IPC
AGTGATGAGCATTTCT-1,IPC
AGTGATGAGGGACGCA-1,Deeper Layer
AGTGCCGGTATTACCC-1,ExM
AGTGCCGGTCCCGGAA-1,ExM
AGTGCCGGTGTGAGAG-1,Deeper Layer
AGTGCGGAGCTGAGGG-1,ExM
AGTGGACAGATACTTG-1,IPC
AGTGGACAGCGTGCAC-1,RG
AGTGGACAGGCTGTGC-1,IPC
AGTGGACAGGTGTTAC-1,Subplate
AGTGGACAGTTGTCCC-1,Deeper Layer
AGTGTGGCAACTAGAA-1,ExM
AGTGTGGCAGGATTAA-1,Upper Layer
AGTGTTTCACCATATG-1,ExM
AGTGTTTCATAATTGC-1,ExM
AGTGTTTCATGTCAAT-1,ExM
AGTTGCAGTTGGGTTA-1,Deeper Layer
AGTTGCGTCGCAATCG-1,Upper Layer
AGTTGGCGTAGCAGCT-1,Deeper Layer
AGTTGGCGTTCACCAT-1,ExM
AGTTTGATCCTGAATA-1,Deeper Layer
AGTTTGCAGACAGGTA-1,Deeper Layer
AGTTTGCAGCATGTCG-1,Subplate
AGTTTGCAGTCAGTAC-1,Cyc. Prog.
AGTTTGCAGTTCCTCA-1,Upper Layer
ATAACGACACAATTAC-1,ExM
ATAACGACACTCGCTC-1,Upper Layer
ATAACGACAGGATGGC-1,Upper Layer
ATAACGACATAATCAC-1,ExM
ATAACGACATGCTATG-1,ExM
ATAACGACATTAGGTT-1,Deeper Layer
ATAAGCCTCGAGCTAT-1,Upper Layer
ATAAGCCTCGCTCCAT-1,RG
ATAAGCCTCTAAGGAG-1,Deeper Layer
ATAAGCCTCTCCTCTT-1,Upper Layer
ATAAGCCTCTGTTCAT-1,Subplate
ATAATGGCACAGGGAC-1,Subplate
ATACCGGTCGGTTAGT-1,Upper Layer
ATACCGGTCTCACTAT-1,Upper Layer
ATACCTGCAATCCTAG-1,Upper Layer
ATACCTGCAGGAACTG-1,RG
ATACCTGCATCATGTG-1,Deeper Layer
ATACCTGCATGGCCCA-1,Deeper Layer
ATAGATGCATTAAGTC-1,Upper Layer
ATAGGTACAAAGCTCC-1,ExM
ATATGCATCTAGCGTG-1,RG
ATATGCATCTTGAGGT-1,Upper Layer
ATATGCTCAGCTTAGC-1,Subplate
ATATGCTCATCCATCT-1,Subplate
ATATGGTGTTTGGCTT-1,Deeper Layer
ATATGTCCAATTAACC-1,Deeper Layer
ATATGTCCAGCTTAGC-1,ExM
ATCAAGACAGCAAGTG-1,ExM
ATCAATCCAGCTAATT-1,ExM
ATCACACAGAAGGTGC-1,Upper Layer
ATCACACAGCACCACA-1,ExM
ATCACACAGGGATGCG-1,Upper Layer
ATCACCCTCATGTCAA-1,Deeper Layer
ATCACCCTCCTGCGAA-1,Upper Layer
ATCACTAAGGCATGTT-1,Deeper Layer
ATCACTAAGTGAGCGG-1,RG
ATCAGGTTCCGTTAAA-1,Deeper Layer
ATCAGGTTCTTAAGTG-1,Deeper Layer
ATCATCAAGACTATTG-1,ExM
ATCATCAAGGGACTAA-1,IPC
ATCATGTCACAGAACG-1,Cyc. Prog.
ATCATGTCAGCCAGTT-1,Upper Layer
ATCATGTCAGGCGATA-1,Deeper Layer
ATCCACCTCAGCTAAC-1,ExM
ATCCACCTCATTGCGG-1,Cyc. Prog.
ATCCACCTCTCGACCT-1,Upper Layer
ATCCATAAGGATCCGC-1,Deeper Layer
ATCCATAAGGTCCTGA-1,IPC
ATCCCGCGTAAAGCAA-1,Deeper Layer
ATCCCGCGTGCCTCAC-1,Upper Layer
ATCCCGCGTTGGTTCT-1,Deeper Layer
ATCCGTGAGGATGATG-1,Upper Layer
ATCCGTGAGGTCCTAG-1,Deeper Layer
ATCCGTGAGTCGCTAG-1,Deeper Layer
ATCCTGACACTTGTTC-1,Subplate
ATCCTGACAGGACACA-1,IPC
ATCCTGACATGACTAT-1,RG
ATCGAGGCAGGCGATA-1,Deeper Layer
ATCGAGGCAGGTTATT-1,Subplate
ATCGAGGCAGTTTGGC-1,Subplate
ATCGAGGCATCAGCAC-1,Upper Layer
ATCGCCCGTGGGTGAA-1,Subplate
ATCGCCCGTTCGCGCT-1,ExM
ATCGCCCGTTTGTCTA-1,Upper Layer
ATCTATGAGTTTAACG-1,RG
ATCTTTGGTAAGCTTG-1,Upper Layer
ATGAAGCCACATGCTA-1,ExM
ATGAAGCCAGGAACAT-1,Deeper Layer
ATGAAGCCAGGACCTT-1,Subplate
ATGAAGTAGAAACTGG-1,ExM
ATGAATGCACGTAATT-1,ExM
ATGACAACAGGCATGA-1,Upper Layer
ATGACCAGTTAATGAC-1,Deeper Layer
ATGACCAGTTACATCC-1,ExM
ATGACGAAGCGAGTAA-1,ExM
ATGACGAAGCGCCTTT-1,ExM
ATGATGACAAACAACA-1,RG
ATGATGACAATTGACT-1,mGPC/OPC
ATGATGACACTGGCCA-1,Subplate
ATGATGGAGCGAGTAA-1,Deeper Layer
ATGATGGAGCTTACTT-1,Upper Layer
ATGCAAACAGGACCAA-1,Upper Layer
ATGCAAACAGTCTATG-1,RG
ATGCAAACATGCTTAG-1,ExM
ATGCAGGCAGTTTGTG-1,Deeper Layer
ATGCATTCAATAGCCC-1,Subplate
ATGCCTGAGTAACCAC-1,Cyc. Prog.
ATGCGATTCATGTTTC-1,Upper Layer
ATGCGATTCTGTAAGC-1,Deeper Layer
ATGCTTAAGGTCATTA-1,RG
ATGCTTAAGTCATTTC-1,Deeper Layer
ATGGCCCAGATGGAGC-1,Upper Layer
ATGGCCCAGCATGTTA-1,IPC
ATGGCTAGTGAAGCCT-1,Upper Layer
ATGGCTAGTTGCGGAT-1,Subplate
ATGGCTGTCAAACCTA-1,ExM
ATGGCTGTCATTACGA-1,Upper Layer
ATGGCTGTCCTTGTTG-1,RG
ATGGTCTAGTAGCGGG-1,Upper Layer
ATGGTGCGTCCTTCTC-1,Deeper Layer
ATGGTGCGTGTTAAAC-1,Deeper Layer
ATGGTGCGTTACCTGT-1,Deeper Layer
ATGGTTATCCTCCATA-1,Subplate
ATGGTTATCTGGTCCT-1,Upper Layer
ATGGTTATCTTGCTAT-1,ExM
ATGTAACGTAATCACG-1,Deeper Layer
ATGTAACGTGATTACG-1,Upper Layer
ATGTAACGTTGCACGG-1,Subplate
ATGTAACGTTTCCGGC-1,ExM
ATGTAAGCAGGAACCA-1,ExM
ATGTAAGCAGTAATAG-1,ExM
ATGTCAATCAGCATTA-1,ExM
ATGTCAATCATTATGG-1,Subplate
ATGTCAATCGGCCATA-1,Subplate
ATGTCAATCTTTGACT-1,ExM
ATGTCATCATCTTGAG-1,RG
ATGTCCACAATTGAGA-1,Subplate
ATGTGAGAGGGTTATC-1,IPC
ATGTGAGAGTCATGCG-1,Subplate
ATGTTGTCACCACAAC-1,Deeper Layer
ATGTTTGAGCCAGGTC-1,ExM
ATGTTTGAGGGTGGAT-1,RG
ATGTTTGAGTCCTTCA-1,ExM
ATTAACCCATTATGAC-1,Deeper Layer
ATTACCCGTATCTGGA-1,Deeper Layer
ATTACCCGTGAAGCCT-1,Deeper Layer
ATTACCCGTGCATTAG-1,Deeper Layer
ATTACCCGTTCACTGT-1,ExM
ATTACCGCAAACGCGA-1,Upper Layer
ATTACCGCAGGCCAAA-1,RG
ATTACGTCAATAATGG-1,Deeper Layer
ATTACTGAGGCTTAAC-1,Subplate
ATTACTGAGTGGCGGA-1,ExM
ATTAGCGGTCAAAGGG-1,Deeper Layer
ATTAGCGGTGCATCGG-1,RG
ATTAGCTCAAGCCACT-1,ExM
ATTAGCTCATTAAACC-1,Deeper Layer
ATTAGGTGTAACTACG-1,Upper Layer
ATTAGGTGTCACAGCG-1,Upper Layer
ATTAGTCCAAGCCAGA-1,Deeper Layer
ATTAGTCCACTTAACG-1,Upper Layer
ATTAGTCCATGAATAG-1,Upper Layer
ATTATCCTCATGCTAA-1,ExM
ATTCAACCACCAACCG-1,ExM
ATTCAACCAGAGAGCC-1,Cyc. Prog.
ATTCAACCAGGACCAA-1,Subplate
ATTCAACCAGTAGGAT-1,Upper Layer
ATTCACTTCTGGTCCT-1,Cyc. Prog.
ATTCACTTCTTGCATT-1,ExM
ATTCATGAGCTTTGGG-1,RG
ATTCATGAGGTCCAAT-1,ExM
ATTCATGAGTTAGTTG-1,Deeper Layer
ATTCCGGAGATGGAGC-1,ExM
ATTCCTAGTAAGCACC-1,Upper Layer
ATTCCTAGTGAATCGC-1,Deeper Layer
ATTCCTAGTGTCCTGC-1,Deeper Layer
ATTCCTCCAAGGAATC-1,RG
ATTCCTCCAATTGAGA-1,Upper Layer
ATTCCTCCACCTCACC-1,Deeper Layer
ATTCCTCCACTAGCGT-1,ExM
ATTCCTCCATGGCCTG-1,ExM
ATTCGTTTCCAATTAG-1,ExM
ATTCGTTTCCTTAAGA-1,RG
ATTGAAGCAGGCCTTG-1,Deeper Layer
ATTGAAGCAGTTGCGT-1,Subplate
ATTGAAGCATCACAGC-1,Deeper Layer
ATTGAAGCATTGTCCT-1,Subplate
ATTGACTCACTGACTA-1,Upper Layer
ATTGACTCATCGCTTT-1,Deeper Layer
ATTGCGCCAAACGGGC-1,ExM
ATTGCGCCATCAATCG-1,Upper Layer
ATTGCGCCATTAAGTC-1,IPC
ATTGCTCGTCTAACAG-1,RG
ATTGCTCGTTATAGCG-1,ExM
ATTGTCCGTCTTTGAC-1,Deeper Layer
ATTGTGATCATGCTTT-1,Deeper Layer
ATTGTGATCCTGATTT-1,RG
ATTGTGATCGATATTG-1,Cyc. Prog.
ATTGTGATCTAAGTCA-1,Upper Layer
ATTTAGGTCGCAACAT-1,Deeper Layer
ATTTAGGTCTCCATGC-1,Upper Layer
ATTTGCAAGGAGGGTT-1,RG
ATTTGCAAGGTTAGCT-1,RG
ATTTGTGAGGAGGTTA-1,Upper Layer
CAAACAACACCCTCAC-1,Upper Layer
CAAACAACATTGTGCA-1,ExM
CAAACACTCACTTCAT-1,ExM
CAAACACTCCGCCTAT-1,Deeper Layer
CAAACATGTAGCCTAA-1,Subplate
CAAACATGTCACACCC-1,ExM
CAAACATGTTGGTTGA-1,Upper Layer
CAAACATGTTTAACGG-1,Deeper Layer
CAAACATGTTTGGGCG-1,Deeper Layer
CAAACCGTCATTACTC-1,Upper Layer
CAAACGCGTGACATAT-1,Deeper Layer
CAAACTGGTAACAGGG-1,Deeper Layer
CAAACTGGTGATGAGG-1,Upper Layer
CAAACTGGTGCAATAT-1,Deeper Layer
CAAAGCGCAAGCGAGC-1,Deeper Layer
CAAAGCGCATTAAACC-1,IPC
CAAAGGATCATGCCTC-1,Deeper Layer
CAAAGGATCATTATGG-1,Subplate
CAAAGGATCGGTTTGG-1,ExM
CAAAGTGAGGAGCATA-1,Deeper Layer
CAAAGTGAGGAGGTTA-1,ExM
CAAAGTGAGTTAGGCT-1,Cyc. Prog.
CAAATCATCATCCACC-1,RG
CAAATCATCGCTATAA-1,Deeper Layer
CAACAATGTACTGATG-1,ExM
CAACAATGTGTTGCTT-1,ExM
CAACAGGCATAATTGC-1,Cyc. Prog.
CAACAGGCATTTAAGC-1,Deeper Layer
CAACCCGCATAGCAGG-1,Upper Layer
CAACCCGCATCTAGCA-1,Upper Layer
CAACCCGCATGGCCTG-1,Subplate
CAACCCTTCAGGATGA-1,ExM
CAACCCTTCTCAATAG-1,Deeper Layer
CAACTAGGTAAGTCGC-1,Deeper Layer
CAACTAGGTCAAGTAT-1,Upper Layer
CAACTAGGTGATCAGC-1,ExM
CAACTAGGTGGTGAGA-1,Upper Layer
CAAGCTAGTACGCGCA-1,RG
CAAGCTAGTGACCTGG-1,Upper Layer
CAAGCTAGTTCCTGTG-1,Subplate
CAAGGCTGTTTAAAGC-1,Deeper Layer
CAAGGGAGTTACGCGG-1,Upper Layer
CAAGGGAGTTTGCGCC-1,ExM
CAAGGTAAGAGAAGGG-1,Subplate
CAAGGTAAGATTGAGG-1,Subplate
CAAGGTAAGTGAGGTA-1,Upper Layer
CAAGGTTTCCACAATA-1,Subplate
CAAGGTTTCTTTGAGA-1,Deeper Layer
CAAGTAACACAACAGG-1,Upper Layer
CAAGTAACATAAGCAA-1,Deeper Layer
CAAGTGAAGGCCTTAG-1,Deeper Layer
CAAGTTATCCACCTGT-1,ExM
CAAGTTATCGGTCAGC-1,ExM
CAATAAGCACTGACCG-1,Deeper Layer
CAATAAGCATTAGCCA-1,ExM
CAATAGCTCACATTGA-1,Cyc. Prog.
CAATAGCTCGCTAGAT-1,ExM
CAATAGCTCTTTAAGG-1,mGPC/OPC
CAATATGTCGAAGTGA-1,Subplate
CAATCCCTCCGCCTCA-1,Subplate
CAATCCCTCCTAAGTA-1,Cyc. Prog.
CAATCCTGTAGTAAGA-1,ExM
CAATCGCCAGGCGAGT-1,Subplate
CAATCTAAGGAATAAC-1,RG
CAATCTAAGGATAAAC-1,IPC
CAATCTAAGGTGTTAC-1,Deeper Layer
CAATCTAAGTAATCCA-1,Upper Layer
CAATCTAAGTAGCTTA-1,ExM
CAATCTAAGTTATCTC-1,Cyc. Prog.
CAATGAACATTGCAGC-1,Cyc. Prog.
CAATGACTCCCTCGCA-1,ExM
CAATGACTCCTGATGG-1,ExM
CAATGCCCAAATGCCC-1,RG
CAATGCCCAACACCTA-1,Cyc. Prog.
CAATGCCCATTGTTGG-1,Deeper Layer
CAATGTCAGCTCGCTT-1,Deeper Layer
CAATGTCAGTGAAGTG-1,Deeper Layer
CAATGTGGTATTACCC-1,Deeper Layer
CACAAGCGTCTTGCAT-1,Deeper Layer
CACAAGCGTTACTTCA-1,ExM
CACAAGCGTTTAGTCC-1,Upper Layer
CACAATATCGATCAGT-1,RG
CACAATATCTAACCAA-1,Deeper Layer
CACAATATCTAGCTTT-1,Subplate
CACAGGCTCTCGCCTG-1,ExM
CACATAATCAAAGGCA-1,IPC
CACATAATCTTGCAAA-1,ExM
CACATACAGGCCGGAA-1,Cyc. Prog.
CACATTAAGGCATGAA-1,Deeper Layer
CACCGGTAGGACGTAA-1,Upper Layer
CACCGGTAGGACTAAG-1,Deeper Layer
CACCTCAGTGAATCGC-1,Upper Layer
CACCTCAGTGCTAGCG-1,RG
CACCTCAGTTAGAGCC-1,Deeper Layer
CACCTGTTCAGCAAAG-1,Deeper Layer
CACCTGTTCCTGTTCA-1,Upper Layer
CACCTGTTCTTTAAGG-1,Subplate
CACGCAATCAAGTGAG-1,Subplate
CACGCAATCTCGCCTG-1,Deeper Layer
CACTAAGGTTGTAAAC-1,Upper Layer
CACTAGCCACCATATG-1,ExM
CACTAGCCATCAATCG-1,Cyc. Prog.
CACTGACCAACACCTA-1,ExM
CACTTAAAGCGCTAAT-1,ExM
CACTTAAAGGATTGAG-1,Upper Layer
CACTTAAAGTCATTAG-1,Deeper Layer
CACTTTGTCCCGTTAC-1,Upper Layer
CACTTTGTCCTTCGTA-1,RG
CACTTTGTCGCTTGCT-1,Deeper Layer
CAGAACCGTTGAGCCG-1,IPC
CAGAATCTCGCAACAT-1,Deeper Layer
CAGATTCAGCGAGCGA-1,Deeper Layer
CAGCAAGCAGGATTAA-1,ExM
CAGCATGTCACAGGAA-1,Upper Layer
CAGCATGTCGGTTTGG-1,Deeper Layer
CAGCATGTCGTTAACA-1,IPC
CAGCATTAGGCTGTGC-1,Deeper Layer
CAGCATTAGTAACGAG-1,ExM
CAGCCAATCCCTGTTA-1,Deeper Layer
CAGCCTAAGCGCAATT-1,ExM
CAGCCTAAGGCCCAGT-1,Deeper Layer
CAGCTAAGTGTTGTAG-1,ExM
CAGCTAAGTTGTAAAC-1,Subplate
CAGGACCTCAATCATG-1,Upper Layer
CAGGACCTCCTAATGA-1,Upper Layer
CAGGACCTCTAAGGTC-1,Deeper Layer
CAGGCTGGTTCACTGT-1,Upper Layer
CAGGCTGGTTTGGGTA-1,Deeper Layer
CAGGGTGAGACTAAGG-1,ExM
CAGGGTGAGCTATGAC-1,Deeper Layer
CAGGGTGAGTGAACGA-1,ExM
CAGGTCCAGAAGCTAG-1,ExM
CAGGTCCAGCGCTCAA-1,ExM
CAGGTCCAGGCGGGTA-1,ExM
CAGGTCCAGTCATTTC-1,Deeper Layer
CAGGTCCAGTTAGAGG-1,Deeper Layer
CAGGTGGAGACAACGA-1,ExM
CAGGTTAGTGAACAAA-1,Upper Layer
CAGGTTTAGCAACATC-1,Deeper Layer
CAGGTTTAGCGTGCGT-1,Upper Layer
CAGGTTTAGGTTTGCG-1,Deeper Layer
CAGTATGGTGCTCCAC-1,Deeper Layer
CATAACGGTAACGAGG-1,Subplate
CATAACGGTGTTTGCT-1,Subplate
CATAAGCTCGTCAAGT-1,Deeper Layer
CATAAGCTCTAAGTCA-1,Deeper Layer
CATAAGCTCTTGAGGT-1,ExM
CATAATCCACAACAAA-1,Cyc. Prog.
CATAATCCACTGACCG-1,Deeper Layer
CATAATCCATAGTCAT-1,RG
CATAATGTCAGGTTTA-1,Deeper Layer
CATAATGTCCGTCCAT-1,Subplate
CATAGACTCAACCAAC-1,ExM
CATAGACTCGTGCTTC-1,Subplate
CATAGACTCTTTGAGA-1,Upper Layer
CATAGCTAGCCAGTAT-1,Deeper Layer
CATAGCTAGGTGAAGC-1,Deeper Layer
CATAGCTAGTTCCCAC-1,IPC
CATAGGCGTTTATGGG-1,Upper Layer
CATAGGTTCAGGTTTA-1,Upper Layer
CATAGGTTCTCAATAG-1,RG
CATAGTCAGGAACCGG-1,RG
CATATCGCAATTATGC-1,RG
CATATCGCACCAGCAT-1,Subplate
CATATCGCATTAGGTT-1,ExM
CATATCGCATTGTCAG-1,Subplate
CATCAATCACCTAATG-1,Upper Layer
CATCAATCAGGCTGTT-1,Upper Layer
CATCAATCATAATCGT-1,Deeper Layer
CATCACACAACAGGTG-1,Deeper Layer
CATCACACAATTAGCT-1,ExM
CATCAGCCATCAATCG-1,Subplate
CATCATGCAACTGGGA-1,RG
CATCATGCACACCAAC-1,RG
CATCATGCACGGTTTA-1,Subplate
CATCATGCAGTCTAGC-1,Deeper Layer
CATCCCAGTAACCACA-1,ExM
CATCCCAGTCCTTAGT-1,IPC
CATCCCAGTTAGGTTG-1,Subplate
CATCCCAGTTCCTGTG-1,Deeper Layer
CATCCTCAGCTATATG-1,Upper Layer
CATCCTGGTAGTTACG-1,Upper Layer
CATCCTGGTGGATGTC-1,IPC
CATCCTGGTTGCAGTA-1,ExM
CATCGCTTCGGTAACT-1,IPC
CATCGCTTCGGTACGC-1,ExM
CATGAGGCAAGGACCA-1,ExM
CATGAGGCACCTACGG-1,Deeper Layer
CATGCAAGTAAACAAG-1,IPC
CATGCAAGTGCTTAGA-1,RG
CATGCAAGTTTATTCG-1,Subplate
CATGCATAGGTCGATT-1,Subplate
CATGCGGGTGCACGCA-1,RG
CATGGATTCCTACCTA-1,Upper Layer
CATGGATTCGTCCTTA-1,ExM
CATGGCGGTATCTGGA-1,ExM
CATGGCGGTGAGCGAA-1,Deeper Layer
CATTATCTCAAAGGCA-1,Deeper Layer
CATTATCTCAATGTGC-1,RG
CATTATGAGTTTCCTG-1,ExM
CATTCATTCACCTGCT-1,Upper Layer
CATTCATTCATGAGCT-1,Deeper Layer
CATTCATTCCTAAGGT-1,RG
CATTCATTCTTGCTAT-1,ExM
CATTCCTCACCTGGTG-1,Upper Layer
CATTCCTCAGGTTATT-1,Deeper Layer
CATTCCTCATAATTGC-1,Deeper Layer
CATTCCTCATACCCGG-1,Cyc. Prog.
CATTGCGAGCAACATC-1,Subplate
CATTGCGAGTACTGGT-1,Upper Layer
CATTGTAAGCTAAAGG-1,ExM
CATTGTAAGGGTCCAC-1,RG
CATTGTGCAGTCTATG-1,Deeper Layer
CATTGTGCATAAAGCA-1,Subplate
CATTTGTTCAGCTAAC-1,Deeper Layer
CCAAACCCAGGCGATA-1,Subplate
CCAAACCCATAATTGC-1,RG
CCAAACTAGACAGGCG-1,RG
CCAAATCAGCCACATG-1,Deeper Layer
CCAAATCAGTGACCTG-1,Deeper Layer
CCAACATAGCCTGATG-1,Upper Layer
CCAACATAGGCCCAGT-1,Deeper Layer
CCAACCAAGCGAGCGA-1,Deeper Layer
CCAACCCGTAGCTGGT-1,Upper Layer
CCAACCCGTGACATGC-1,Upper Layer
CCAAGTTAGCCTAATA-1,Upper Layer
CCAAGTTAGGCGCTAC-1,Deeper Layer
CCAATATCAAGTGTTT-1,IPC
CCAATATCACATTAAC-1,Deeper Layer
CCAATATCAGGCGATA-1,Upper Layer
CCACAATAGCCTGATG-1,ExM
CCACAATAGGAAGCTA-1,Deeper Layer
CCACAGGGTAGCCTAA-1,Subplate
CCACAGGGTGATTACG-1,RG
CCACAGGGTTACATCC-1,ExM
CCACTTGGTTACAACG-1,Upper Layer
CCACTTGGTTTAGTCC-1,IPC
CCAGACTCACCTACGG-1,ExM
CCAGACTCAGCTCAAC-1,RG
CCAGCTAAGGATGATG-1,ExM
CCAGCTAAGTCAATCA-1,Subplate
CCAGCTGCACCCACAG-1,Subplate
CCAGCTGCATAGACCC-1,IPC
CCAGCTGCATTAAGTC-1,ExM
CCAGGAACACCGTTCC-1,Subplate
CCAGGAACATGCTATG-1,Cyc. Prog.
CCAGGATGTAGCTAAT-1,Deeper Layer
CCAGTTTGTAGCTGGT-1,Subplate
CCAGTTTGTGTTGCTT-1,ExM
CCATAAATCCGGAACC-1,IPC
CCATAAATCGTCAAGT-1,Deeper Layer
CCATAAGGTTAGAGCC-1,Subplate
CCATAATCAATTAGGA-1,Subplate
CCATAATCACAACAAA-1,IPC
CCATAATCAGTAGGTG-1,Deeper Layer
CCATAGCCAATAACCT-1,ExM
CCATAGCCAATTGCGC-1,ExM
CCATAGCCACTGACTA-1,Deeper Layer
CCATAGCCAGCAACAG-1,ExM
CCATAGCCATGTCGCG-1,Deeper Layer
CCATATTTCACAGGAA-1,RG
CCATCACTCATTGTCT-1,Deeper Layer
CCATCACTCCACAATA-1,Upper Layer
CCATCATGTTACCTGT-1,Subplate
CCATCATGTTGGCGTG-1,ExM
CCCAAACCAAGTCGCT-1,Subplate
CCCAAACCAGTAAGTA-1,RG
CCCAAACCATAGCGAG-1,Upper Layer
CCCAAACCATTTGCTC-1,ExM
CCCAAATAGCCGCAGT-1,Upper Layer
CCCAAATAGGAAGTAT-1,Cyc. Prog.
CCCAATTGTCATTACC-1,RG
CCCAGCACACCTGTAA-1,ExM
CCCAGCACATGAATAG-1,Subplate
CCCAGCACATTGCGTA-1,mGPC/OPC
CCCGCAACACAGAACG-1,Cyc. Prog.
CCCGCTTCAATAGTCT-1,IPC
CCCGTAAAGATGGACA-1,Deeper Layer
CCCGTAAAGTTTAACG-1,Subplate
CCCGTTGTCCTTCTAG-1,Deeper Layer
CCCTAATGTAATGGCC-1,Subplate
CCCTAATGTACTTCAC-1,Deeper Layer
CCCTAATGTTACAAAC-1,Upper Layer
CCCTCACCAGGATAAC-1,Deeper Layer
CCCTCATAGCTTGCTC-1,Deeper Layer
CCCTCATAGGTGAGAC-1,Upper Layer
CCCTCATAGTATTGCA-1,ExM
CCCTGGACAAACCTTG-1,Deeper Layer
CCCTGGACATCACAGC-1,Subplate
CCCTGTTAGTAAAGGT-1,Deeper Layer
CCGACAGGTGCTGTAA-1,Upper Layer
CCGATGCAGTAAGGGC-1,ExM
CCGATGCAGTAAGTCC-1,Deeper Layer
CCGCAAATCATTGCGG-1,Cyc. Prog.
CCGCAAATCGTTTCCA-1,Deeper Layer
CCGCACACAGGCCATT-1,ExM
CCGCCAACACACCAAC-1,ExM
CCGCCAACATGTTTGG-1,ExM
CCGCTAAAGACACTTA-1,Upper Layer
CCGCTAAAGGTGAAAT-1,Upper Layer
CCGCTAGCAATTAACC-1,Subplate
CCGCTTAGTTAGCATG-1,RG
CCGCTTAGTTGGATAT-1,RG
CCGCTTAGTTTAACGG-1,Deeper Layer
CCGGTAGGTCAGGAAG-1,Deeper Layer
CCGGTAGGTGTGCAAC-1,Subplate
CCGGTTAAGGCTCATG-1,Upper Layer
CCGTGCTGTTAGCTGA-1,ExM
CCGTTAACAATCTCTC-1,Deeper Layer
CCGTTAACACATACTG-1,Deeper Layer
CCGTTACTCTATCGCC-1,Upper Layer
CCGTTATGTTATGTGG-1,Subplate
CCGTTTGGTCGCATAA-1,Deeper Layer
CCGTTTGGTGTTGTGA-1,Deeper Layer
CCTAAAGGTCCGTAGG-1,Upper Layer
CCTAAAGGTGACATGC-1,ExM
CCTAAATCAATAACGA-1,Deeper Layer
CCTAAATCACGAATTT-1,ExM
CCTAAGCCAGTTGCGT-1,ExM
CCTAAGCCATTGTTGG-1,ExM
CCTAAGGTCCGCCTCA-1,Upper Layer
CCTAAGTAGAGCAAGC-1,Deeper Layer
CCTAAGTAGGTACCGC-1,IPC
CCTAATAAGACAAACG-1,ExM
CCTAATAAGAGGATAT-1,Upper Layer
CCTAATCGTTAGGATT-1,Upper Layer
CCTACTGGTAGGATTT-1,ExM
CCTACTGGTTTCGCGC-1,Subplate
CCTACTTCACCTACTT-1,Deeper Layer
CCTACTTCAGAGGGAG-1,Deeper Layer
CCTATTGTCTAGCGTG-1,ExM
CCTATTTAGGAGGGTT-1,Upper Layer
CCTCAATGTTGGTTAG-1,Upper Layer
CCTCAGTTCCCGCAAA-1,ExM
CCTCAGTTCGAGCAAA-1,Cyc. Prog.
CCTCAGTTCTTAGCCC-1,Subplate
CCTCCTCTCGTTACAA-1,ExM
CCTCCTCTCTGTGAGT-1,Cyc. Prog.
CCTGAATAGCACAGAA-1,Deeper Layer
CCTGAATAGGTGAAGC-1,Deeper Layer
CCTGAATAGTAGAGGC-1,ExM
CCTGATGAGAACAAGT-1,Upper Layer
CCTGCTCCAAGCTTAT-1,Subplate
CCTGCTCCACATACTG-1,Deeper Layer
CCTGCTCCAGGGAGGA-1,ExM
CCTGGATCAAGTGTCC-1,Subplate
CCTGGATCACGCAACT-1,ExM
CCTGGATCAGTTTGTG-1,ExM
CCTGTAACAGTTTCTC-1,Cyc. Prog.
CCTGTATGTAGCTGGT-1,Deeper Layer
CCTGTATGTCAAGACC-1,Subplate
CCTGTATGTGACATAT-1,Deeper Layer
CCTGTTGGTTACAACG-1,ExM
CCTTAACGTATACTGG-1,Upper Layer
CCTTAACGTCATTAGG-1,Upper Layer
CCTTACTCAGGTCCTG-1,RG
CCTTAGTGTGCGCATG-1,Subplate
CCTTATGTCAAAGGCA-1,Deeper Layer
CCTTATGTCAGGGCCT-1,ExM
CCTTATGTCATCGTTT-1,Deeper Layer
CCTTATGTCTTAGTGA-1,Deeper Layer
CCTTCAGGTGTTTGCT-1,Deeper Layer
CCTTCAGGTTCGCGCT-1,Upper Layer
CCTTCGGTCCCGCATT-1,Cyc. Prog.
CCTTCGGTCTAATCCT-1,ExM
CCTTCGTAGCAGCTCA-1,Subplate
CCTTCGTAGCGATACT-1,Subplate
CCTTCGTAGGCTTAAC-1,Deeper Layer
CCTTCGTAGTTAGCTA-1,Deeper Layer
CCTTGCGTCATTAGGC-1,Deeper Layer
CGAAATGAGCATGCAT-1,Deeper Layer
CGAAATGAGGACGTAA-1,Upper Layer
CGAACCGGTCACTCGC-1,IPC
CGAACCGGTCGCGCAA-1,IPC
CGAACCGGTGTTTGCT-1,Upper Layer
CGAAGAATCAGGTCCA-1,RG
CGAAGAATCTAGCTAA-1,Deeper Layer
CGAAGCCTCCTCATGC-1,Cyc. Prog.
CGAAGCGAGCCTAATA-1,ExM
CGAAGCGAGGCAACAA-1,Upper Layer
CGAAGCGAGGTTTGCG-1,ExM
CGAAGCGAGTTTGAGC-1,Subplate
CGAAGGCCATGCTTAG-1,Subplate
CGAATCTAGCCAGTAT-1,Subplate
CGAATCTAGCGATAAG-1,Deeper Layer
CGAATCTAGGCTCATG-1,Upper Layer
CGACAAGCATAAGTCT-1,Deeper Layer
CGACCTGCACCTCACC-1,Deeper Layer
CGACCTGCACTAAGAA-1,Upper Layer
CGACCTGCATACCCGG-1,RG
CGACTAAGTCAAGTAT-1,Deeper Layer
CGACTAAGTCGTTATC-1,IPC
CGACTAAGTTAGTACG-1,ExM
CGAGCGAAGTGGCGGA-1,ExM
CGAGCGAAGTTAGAGG-1,Cyc. Prog.
CGAGCTGGTTATCCGT-1,ExM
CGAGGAAGTAGCCTCC-1,ExM
CGAGGCAAGAGAGGCT-1,ExM
CGAGGCAAGAGCCGCT-1,ExM
CGAGGTGAGCTACTGG-1,Upper Layer
CGAGGTGAGTCATGCG-1,IPC
CGAGGTGAGTCCTGAG-1,ExM
CGAGTCGGTAAGCTTG-1,Subplate
CGAGTCGGTTAGACCA-1,Subplate
CGAGTCGGTTAGCGTA-1,Upper Layer
CGAGTCGGTTGACTTC-1,Deeper Layer
CGATCCTTCATGCGTG-1,Deeper Layer
CGATGTCCAGGCCAAA-1,ExM
CGATGTCCAGTAGGAT-1,Deeper Layer
CGATGTCCATGAATCT-1,Deeper Layer
CGATTATCATAAAGCA-1,ExM
CGATTATCATGGTTAT-1,Deeper Layer
CGATTCCTCATGGTTA-1,ExM
CGATTCCTCGTGCTAG-1,Deeper Layer
CGATTCCTCTCACACC-1,ExM
CGATTCCTCTTGTCTG-1,Upper Layer
CGATTGAGTGTAACCA-1,Upper Layer
CGATTGAGTGTTAGCA-1,Deeper Layer
CGATTGAGTTGTTCAC-1,ExM
CGATTTGCACGCAACT-1,Upper Layer
CGATTTGCATAATCGT-1,Deeper Layer
CGCAAATTCCTAGTCC-1,Deeper Layer
CGCAATAGTCATTAGG-1,IPC
CGCAATGTCATGCATA-1,Deeper Layer
CGCAATTAGAAACTGG-1,ExM
CGCAATTAGGAGGGTT-1,ExM
CGCAATTAGGTGCGGA-1,Deeper Layer
CGCACACAGAGCAAGC-1,Upper Layer
CGCACACAGCACTAGT-1,RG
CGCACACAGCGCTAAT-1,ExM
CGCACACAGCTATATG-1,ExM
CGCACACAGGAGGTTA-1,RG
CGCACACAGGTGAGAC-1,Upper Layer
CGCACACAGGTTTGCG-1,Deeper Layer
CGCACCACAATTTGGT-1,Deeper Layer
CGCACCACATAGCAGG-1,Deeper Layer
CGCACCACATAGCTGC-1,Subplate
CGCATATAGCCTGATG-1,Subplate
CGCATGATCATCCACC-1,Subplate
CGCATGATCCCGAACA-1,Cyc. Prog.
CGCATTACACAACAGG-1,Subplate
CGCATTACATAGGCGA-1,Deeper Layer
CGCATTTGTTAGACCA-1,ExM
CGCCAAATCATGCTTT-1,IPC
CGCCACACAACGTGCT-1,Subplate
CGCCACACAAGCGATG-1,ExM
CGCCTGTGTAATGGCC-1,Deeper Layer
CGCGATTCAATACTGT-1,ExM
CGCGATTCATCTTGAG-1,Upper Layer
CGCGGATTCCCTGGAA-1,Subplate
CGCTAATAGGTAAGGC-1,ExM
CGCTAATAGGTCGAGG-1,Upper Layer
CGCTAATAGTCATGCG-1,Deeper Layer
CGCTACTTCCAGGTTG-1,Subplate
CGCTATGAGGTGAGAC-1,ExM
CGCTCAGCAGGCTTCG-1,ExM
CGCTCAGCATCCCTCA-1,Upper Layer
CGCTCCATCTCCTCTT-1,Subplate
CGCTCCATCTGGCAAT-1,Deeper Layer
CGCTTAACAATTGAAG-1,Upper Layer
CGCTTAACACTAAGTT-1,Cyc. Prog.
CGCTTACTCAATTGGC-1,ExM
CGCTTGCGTCATTGTC-1,RG
CGCTTGCGTCCGTGAG-1,IPC
CGCTTGCGTGACATAT-1,Deeper Layer
CGGAATCGTCATCATC-1,ExM
CGGAATCGTGTAACCA-1,ExM
CGGAATCGTTGCCTCA-1,ExM
CGGACAACAACTAGCC-1,Subplate
CGGAGCAAGTAATCCA-1,Upper Layer
CGGATAAAGAGGAAGG-1,RG
CGGATAAAGCGATAGA-1,Deeper Layer
CGGATTAGTGCTAGCG-1,RG
CGGATTAGTTGCGCGA-1,ExM
CGGCAATGTCCGTAGG-1,Upper Layer
CGGCAATGTGAGCAAG-1,Upper Layer
CGGCAATGTTAACGGC-1,ExM
CGGCAATGTTAATCGG-1,Upper Layer
CGGCCATAGTTAGCCG-1,RG
CGGCTCACAGAAATGC-1,Upper Layer
CGGGACAAGACTATTG-1,Deeper Layer
CGGGCTTAGGCGCACT-1,Deeper Layer
CGGGTCTAGTATTGGC-1,ExM
CGGGTCTAGTTGGATC-1,IPC
CGGTAACGTAACGGGA-1,Cyc. Prog.
CGGTAACGTAGCAGCT-1,Deeper Layer
CGGTAACGTCCGGTTC-1,ExM
CGGTAACGTTAGGTTG-1,Upper Layer
CGGTAACGTTCAAGCA-1,Deeper Layer
CGGTAACGTTTGCAGA-1,Cyc. Prog.
CGGTGAACAATAGCCC-1,Deeper Layer
CGGTGAACATGAGCAG-1,RG
CGGTGAGAGGACAACA-1,Subplate
CGGTGAGAGTCATGCG-1,Upper Layer
CGGTGAGAGTCTATGA-1,Upper Layer
CGGTTATAGAAGGTGC-1,ExM
CGGTTATAGCATGTTA-1,IPC
CGGTTATAGCTAAGTC-1,ExM
CGGTTATAGGTTTGCG-1,IPC
CGGTTATAGTGCACGC-1,Subplate
CGGTTATAGTTTGCGG-1,Upper Layer
CGGTTCCGTTAGTACG-1,Upper Layer
CGGTTCCGTTCACTGT-1,Upper Layer
CGGTTGGGTCACCAAA-1,Subplate
CGGTTTCTCAAACCTA-1,RG
CGGTTTCTCACAGCGC-1,ExM
CGGTTTCTCCCTCAAC-1,Upper Layer
CGGTTTGAGGCAATAG-1,RG
CGGTTTGAGGTGCTGC-1,Deeper Layer
CGTAACCCAAATATCC-1,Subplate
CGTAACCCAGTCTAGC-1,RG
CGTAACTAGCAAGGAC-1,Upper Layer
CGTAACTAGCATGTTA-1,RG
CGTAACTAGGATAAAC-1,Upper Layer
CGTAATGGTCAGGCCA-1,IPC
CGTACGGGTACGGTAC-1,Upper Layer
CGTACGGGTTGGCGTG-1,RG
CGTAGCGGTACTTAGG-1,RG
CGTATTGCACAGCCTG-1,RG
CGTATTGCAGTGAACG-1,ExM
CGTATTGCATTAAGCT-1,ExM
CGTCAATAGACCATAC-1,Deeper Layer
CGTCAATAGCCTGACA-1,ExM
CGTCAATAGGAATAAC-1,Upper Layer
CGTCAATAGGAGCAAC-1,Deeper Layer
CGTCATTGTGGACATC-1,Deeper Layer
CGTCATTGTTAGAGGG-1,ExM
CGTCCTAGTACGATTG-1,ExM
CGTCCTAGTGTTAGCA-1,Subplate
CGTCCTAGTTTCCACG-1,Subplate
CGTGAGGAGGAGGTTA-1,RG
CGTGAGGAGGCGCATC-1,RG
CGTGAGGAGTCACTAA-1,Upper Layer
CGTGCTGCAAAGCTAA-1,Deeper Layer
CGTGCTGCAATCCTAG-1,RG
CGTGCTGCAGCGCTTG-1,ExM
CGTGCTTTCCGCATGA-1,Subplate
CGTGGTTCATGGCCTG-1,Deeper Layer
CGTGTGTCAGCTCATA-1,Upper Layer
CGTGTGTCATGTTGTG-1,ExM
CGTGTTACAATTGACT-1,Deeper Layer
CGTTAAATCCAGGTTG-1,Deeper Layer
CGTTAACAGTAATCCA-1,Cyc. Prog.
CGTTATCGTTACATCC-1,ExM
CGTTATTTCTCACTAT-1,Deeper Layer
CGTTATTTCTGGTCCT-1,ExM
CGTTATTTCTTTAGGA-1,Subplate
CGTTGCAAGGACCTGC-1,ExM
CGTTGCAAGGCCTTAG-1,ExM
CGTTGCAAGGGATGCG-1,Deeper Layer
CGTTGCAAGGGTTATC-1,RG
CGTTGCGCACAGGGAC-1,Deeper Layer
CGTTTCTCAAACCCTA-1,mGPC/OPC
CGTTTCTCACAACCTA-1,ExM
CGTTTCTCACTAGCGT-1,IPC
CGTTTCTCAGCCTGCA-1,Upper Layer
CGTTTGGAGGACCGCT-1,RG
CGTTTGGAGGATGATG-1,Subplate
CGTTTGGAGGCTACAT-1,RG
CGTTTGGAGTAGGATG-1,Deeper Layer
CTAAAGCTCAGTGAAG-1,Upper Layer
CTAAAGCTCGTTAACA-1,ExM
CTAACCACATAAACCT-1,Deeper Layer
CTAACCACATTAAGTC-1,Deeper Layer
CTAACCCTCCTAATGA-1,IPC
CTAACCCTCTAAGTCA-1,ExM
CTAACCCTCTTAGGAC-1,ExM
CTAACCTGTCTCACTG-1,ExM
CTAAGGTTCTATCGCC-1,RG
CTAAGGTTCTTTGACT-1,RG
CTAAGTCAGCCACAAT-1,Upper Layer
CTAATAGTCCAAGTTA-1,Subplate
CTAATCGCAGAAATTG-1,Subplate
CTAATGTCACAAAGGT-1,ExM
CTAATGTCACTGACTA-1,IPC
CTAATGTCAGCATGTC-1,Upper Layer
CTAATGTCATTAGGTT-1,Deeper Layer
CTAATGTCATTGTGAT-1,Deeper Layer
CTAATTGAGGACGTAA-1,Subplate
CTACAACAGATGGAGC-1,Deeper Layer
CTACCGGCAACCTGGT-1,Upper Layer
CTACCGGCAGCAAATA-1,Subplate
CTACCGGCATCATGGC-1,ExM
CTACCGGCATGTTGGC-1,ExM
CTACCTCAGCACAGAA-1,Upper Layer
CTACCTCAGGCGGGTA-1,Subplate
CTACCTCAGGTGCGGA-1,Deeper Layer
CTACCTCAGTGACCTG-1,IPC
CTACCTCAGTTTCCGC-1,Upper Layer
CTACGAAGTAGCTAGC-1,Upper Layer
CTAGATTCATGGTTAT-1,Deeper Layer
CTAGCGGGTTATCCTA-1,Deeper Layer
CTAGCTTGTCAAGTAT-1,IPC
CTAGCTTGTGTTTGCT-1,ExM
CTAGGCGGTAATAACC-1,Deeper Layer
CTAGTAATCCTTAGTT-1,Deeper Layer
CTAGTAGGTAATGGAA-1,ExM
CTAGTCGAGTAACGGA-1,Deeper Layer
CTAGTCGAGTTGGCCA-1,ExM
CTAGTGAGTTGGATAT-1,Deeper Layer
CTAGTTGCATTGCGTA-1,ExM
CTATAACCAACACCTA-1,Deeper Layer
CTATGACAGCGGTTAT-1,Deeper Layer
CTATGACAGTCCTTCA-1,Deeper Layer
CTATGAGGTGTTGCAA-1,Deeper Layer
CTATGAGGTTGCACGG-1,ExM
CTATGATCACCAAAGG-1,Cyc. Prog.
CTATGATCATACTCCT-1,RG
CTATGATCATGAATCT-1,Deeper Layer
CTATGTTTCAATTACG-1,RG
CTATGTTTCGAAGTGA-1,RG
CTATGTTTCGGCTAGC-1,Subplate
CTATTACTCCAATTAG-1,ExM
CTATTACTCGGCCATA-1,ExM
CTATTCAGTACCGTTT-1,ExM
CTATTCAGTCAAAGGG-1,RG
CTATTGAAGTTATTCC-1,Deeper Layer
CTCAATAAGCTAAGTC-1,RG
CTCAATAAGCTTTGTT-1,mGPC/OPC
CTCACAACACAGGAAT-1,Subplate
CTCACAACACCAACCG-1,Upper Layer
CTCACAACACCAGGTT-1,Deeper Layer
CTCACACTCGGTTAGT-1,Deeper Layer
CTCATCATCATTATGG-1,IPC
CTCATGACACAGACTC-1,Upper Layer
CTCATGCTCTGCAAAC-1,Upper Layer
CTCATTAGTCCGGTTC-1,Deeper Layer
CTCATTAGTTATGTGG-1,Deeper Layer
CTCATTTAGCAGGTTT-1,ExM
CTCATTTAGTTCCTCA-1,Cyc. Prog.
CTCCAAACAAGGTCGA-1,RG
CTCCAAACAGAGGGAG-1,Subplate
CTCCAAACATGAATCT-1,ExM
CTCCAACTCACGCCAA-1,Cyc. Prog.
CTCCAACTCCAATTAG-1,ExM
CTCCAACTCCCTCAAC-1,ExM
CTCCAACTCCTGATGG-1,Upper Layer
CTCCAACTCGAGCAAA-1,Upper Layer
CTCCAACTCGGTTACG-1,ExM
CTCCATCAGTAAAGGT-1,Upper Layer
CTCCATCAGTCAGTAC-1,ExM
CTCCCTGAGCTAAAGG-1,Deeper Layer
CTCCGGACAATCCTAG-1,IPC
CTCCGGACACTTACAG-1,IPC
CTCCGGACAGCAGGTA-1,RG
CTCCGTCCACACCAAC-1,Upper Layer
CTCCTCACAGAATGAC-1,ExM
CTCCTCACAGTAATAG-1,Subplate
CTCCTGAGTCGTTATC-1,Subplate
CTCGACAAGGAGTCGG-1,Upper Layer
CTCGACAAGTAAGAAC-1,Deeper Layer
CTCGCTCCAATCGCAC-1,RG
CTCTAAGCAAGGCCAA-1,Upper Layer
CTCTAAGCATCAGCAC-1,ExM
CTCTAGCTCATGTTTC-1,Deeper Layer
CTCTAGCTCCTTTACG-1,RG
CTCTAGCTCTTTAAGG-1,Upper Layer
CTCTCACAGCGCTAAT-1,Deeper Layer
CTCTGTTCAGGCGAGT-1,ExM
CTCTTGATCATAACCA-1,Deeper Layer
CTCTTGATCGAGGAAC-1,IPC
CTGAAACTCCGTTAAA-1,RG
CTGAAACTCGCTATGG-1,ExM
CTGAATATCACCGGTA-1,Subplate
CTGAATATCATTCATC-1,ExM
CTGACATAGCTATTAG-1,Upper Layer
CTGACATAGGAAACTG-1,Upper Layer
CTGACATAGTTATGTG-1,Deeper Layer
CTGACCAAGCATGGTT-1,ExM
CTGACCAAGCTCCTTA-1,Deeper Layer
CTGACCAAGCTGTCAG-1,Upper Layer
CTGACCAAGGCTTAGT-1,Deeper Layer
CTGATCACAAATACCT-1,Deeper Layer
CTGATCACACGGTTTA-1,ExM
CTGATCACACTTAACG-1,ExM
CTGATCACACTTGTTC-1,Deeper Layer
CTGCAATAGGCGGGTA-1,Deeper Layer
CTGCTACTCATGCTCC-1,RG
CTGCTACTCGTTTCCA-1,Deeper Layer
CTGCTATGTATTTGGG-1,Deeper Layer
CTGCTATGTCAGGAAG-1,ExM
CTGCTCCCAAGGACCA-1,Deeper Layer
CTGCTCCCAATAGTCT-1,Deeper Layer
CTGCTCCCACCTACGG-1,Deeper Layer
CTGCTCCCACCTCGCT-1,Deeper Layer
CTGCTCCCAGGGAGGA-1,Deeper Layer
CTGGATGTCGCAAACT-1,ExM
CTGGCTAAGCGCATTG-1,RG
CTGGCTAAGTGAGCAA-1,ExM
CTGGTAAGTGTTCCCA-1,ExM
CTGGTCAAGAGAGGCT-1,Deeper Layer
CTGGTTACAATCGCAC-1,Upper Layer
CTGGTTACATTGTCAG-1,ExM
CTGGTTTGTCGCAAAC-1,ExM
CTGTACCTCATGCCTC-1,Upper Layer
CTGTACCTCCCATAAA-1,Cyc. Prog.
CTGTATTTCCGCCTCA-1,IPC
CTGTATTTCCGGAACC-1,Deeper Layer
CTGTATTTCTAAGTCA-1,Upper Layer
CTGTTAAAGCAGGTGG-1,ExM
CTGTTGGAGGATCACT-1,ExM
CTTAACAAGCGTGCAC-1,RG
CTTAACAAGTAACGAG-1,Deeper Layer
CTTAAGATCACCTGTC-1,Deeper Layer
CTTAAGGGTTCAAGAT-1,ExM
CTTAAGGGTTTATCTG-1,ExM
CTTAAGGGTTTCAGGA-1,IPC
CTTAATGAGTAGGATG-1,Upper Layer
CTTACCTCAATATACC-1,Deeper Layer
CTTACTAGTAACGTGC-1,ExM
CTTAGGAGTCGTTATC-1,ExM
CTTAGTTTCATTTGCT-1,Deeper Layer
CTTATGTTCGCTAAGT-1,Deeper Layer
CTTATGTTCTGTAAGC-1,RG
CTTATTGGTCTTTGAC-1,Deeper Layer
CTTATTGGTGAAACAA-1,Upper Layer
CTTCAAGCACCGGTAT-1,Subplate
CTTCAAGCAGGTTTGC-1,IPC
CTTCAAGCATCAATCG-1,RG
CTTCAAGCATCCCTCA-1,Subplate
CTTCACTCAACCTAAT-1,Upper Layer
CTTCACTCAAGCGATG-1,Upper Layer
CTTCACTCACTGACCG-1,ExM
CTTCACTCAGCAACCT-1,RG
CTTCAGGAGAAAGGAA-1,Deeper Layer
CTTCAGGAGGACTAAG-1,Cyc. Prog.
CTTCAGGAGTCACCAG-1,Cyc. Prog.
CTTCATCCAAGGATTA-1,Cyc. Prog.
CTTCATCCAATGAAGC-1,Deeper Layer
CTTCATCCATGTGGGA-1,Deeper Layer
CTTCATCCATTAAACC-1,ExM
CTTCGCGTCCCGCAAA-1,Deeper Layer
CTTCGCGTCGCTAGTG-1,mGPC/OPC
CTTCTCAAGACCATAC-1,Deeper Layer
CTTCTCAAGTATTGCA-1,ExM
CTTGAACAGTAGGCGG-1,ExM
CTTGAATCACAGCCAT-1,Subplate
CTTGAATCATAGCGAG-1,Upper Layer
CTTGAATCATGAATCT-1,Deeper Layer
CTTGAATCATTAGCGC-1,RG
CTTGCAACAAGGATTA-1,Upper Layer
CTTGCAACAGCTTAAT-1,Upper Layer
CTTGCATGTGCTTACT-1,Deeper Layer
CTTGCGCGTGCACGCA-1,Upper Layer
CTTGCTCAGCCAGTAT-1,Deeper Layer
CTTGGACCACACAATT-1,ExM
CTTGTAAAGGAAGCTA-1,Upper Layer
CTTGTCCAGCGAGCGA-1,Subplate
CTTGTCCAGGAAGCTA-1,Deeper Layer
CTTGTCCAGGTGTTAC-1,Deeper Layer
CTTGTCCAGTACTGGT-1,ExM
CTTGTCCAGTTGCGTG-1,IPC
CTTGTTTAGACACTTA-1,Deeper Layer
CTTGTTTAGCGATAGA-1,ExM
CTTTAGGCAAGGTCCT-1,Subplate
CTTTAGGCACCTGTAA-1,Upper Layer
CTTTAGGCAGTTTCTC-1,Deeper Layer
CTTTAGTTCACCGGTA-1,ExM
CTTTAGTTCCCGTTTA-1,ExM
CTTTAGTTCGAAGTAG-1,RG
CTTTATCAGCCTGTGA-1,IPC
CTTTATGGTAAGGTCC-1,Upper Layer
CTTTATGGTTTAACCC-1,RG
CTTTCTTGTAGGTTTG-1,Deeper Layer
CTTTGAGCAAACGGGC-1,Upper Layer
CTTTGAGCAAACTGTT-1,Deeper Layer
CTTTGAGCAAATATCC-1,Subplate
CTTTGAGCAACCGCCA-1,Cyc. Prog.
CTTTGAGCAGTCTAGC-1,Deeper Layer
CTTTGGTGTTGCGGAT-1,Subplate
GAAACCCGTGTAATAC-1,RG
GAAACCCGTTCACCCA-1,IPC
GAAACCCGTTGGCGTG-1,Cyc. Prog.
GAAAGCCAGCACGTTG-1,Deeper Layer
GAAAGCCAGCCGCTTT-1,Upper Layer
GAAAGGCTCCTCACAC-1,ExM
GAACACAAGCCACATG-1,Upper Layer
GAACACAAGGGACGCA-1,ExM
GAACCAAAGCTAATCA-1,ExM
GAACCAAAGGACAACA-1,Deeper Layer
GAACCAAAGTAATCCA-1,Deeper Layer
GAACCAGCAACCTAAT-1,Deeper Layer
GAACCAGCAATCCCTT-1,Deeper Layer
GAACCAGCAGCCAGAA-1,IPC
GAACCAGCAGGAACTG-1,Deeper Layer
GAACCGCTCTGCAACG-1,RG
GAACCTGTCCACAATA-1,Upper Layer
GAACCTGTCCCTCAGT-1,Subplate
GAACCTGTCCGGAACC-1,Deeper Layer
GAACCTGTCCTTGCGT-1,IPC
GAACCTGTCTAAGGTC-1,RG
GAACCTTAGGGACGCA-1,Subplate
GAACGAATCCTCACTA-1,Deeper Layer
GAACTTATCACTCAAA-1,Deeper Layer
GAACTTATCATTGTCT-1,Deeper Layer
GAACTTATCTAATCCT-1,RG
GAAGCCTGTCAATAGT-1,Deeper Layer
GAAGCCTGTTGACTTC-1,Cyc. Prog.
GAAGCTAAGAAGGTGC-1,Upper Layer
GAAGCTAAGAGAGGAG-1,ExM
GAAGCTAAGGAACGGT-1,Deeper Layer
GAAGGAACACTGACTA-1,Upper Layer
GAAGGATGTAATCACG-1,IPC
GAAGGATGTCAAACTG-1,Deeper Layer
GAAGGATGTGGATTCA-1,Deeper Layer
GAAGGATGTTGTCCAT-1,Upper Layer
GAAGGCCCACCAACCG-1,Subplate
GAAGGCCCAGGCATCT-1,RG
GAAGGCCCAGGTTAAA-1,Deeper Layer
GAAGGCCCATGCTATG-1,Upper Layer
GAAGGCCCATTAAGCT-1,Deeper Layer
GAAGTAAGTAACGGGA-1,RG
GAAGTAAGTACGCGCA-1,ExM
GAAGTATAGACTTATG-1,mGPC/OPC
GAAGTATAGGAAGCTA-1,IPC
GAAGTCAAGGTGAAGC-1,Cyc. Prog.
GAAGTGATCCTGAGTG-1,ExM
GAAGTGATCGTAACGT-1,ExM
GAATTTGTCAAAGGCA-1,RG
GAATTTGTCCAAACAC-1,RG
GAATTTGTCGCTAGCA-1,ExM
GACAATACATAATCAC-1,ExM
GACACTAGTTCGCTCA-1,ExM
GACATAGAGCTTATGA-1,ExM
GACATTATCAACAAGG-1,Subplate
GACCGAACAAAGCGGC-1,Deeper Layer
GACCGAACAAGACTCC-1,Deeper Layer
GACCGAACATGAATAG-1,Upper Layer
GACCGAACATGGCCTG-1,ExM
GACCGAACATTGTGTG-1,Deeper Layer
GACCGTTCAAATTGCT-1,Deeper Layer
GACCTAAGTACAAAGA-1,Upper Layer
GACCTAAGTCCCGGAA-1,Deeper Layer
GACCTAAGTGATCAGC-1,ExM
GACCTAAGTGCTCACC-1,Subplate
GACCTAGTCAAGCCTG-1,RG
GACCTAGTCGGTTTCC-1,Upper Layer
GACCTAGTCTAAGTGC-1,Deeper Layer
GACCTAGTCTTGGACG-1,Upper Layer
GACCTCAAGACAGGTA-1,Subplate
GACCTGCAGAAACTGG-1,Deeper Layer
GACCTGCAGTCACGAT-1,ExM
GACCTTTGTCCCGAAG-1,Deeper Layer
GACCTTTGTGCACGCA-1,Deeper Layer
GACCTTTGTGTGTCCC-1,Upper Layer
GACCTTTGTTGGTTAG-1,Upper Layer
GACGCAACACCTAAGC-1,RG
GACGCAACATAAGTCT-1,Subplate
GACGCCTAGCGGTTAT-1,Deeper Layer
GACGTAAAGAGGAAGG-1,ExM
GACGTAAAGGAAGCAC-1,Upper Layer
GACGTAAAGTTAGCTA-1,Deeper Layer
GACTAATGTAGCTGCG-1,Deeper Layer
GACTAATGTGTGCAAC-1,IPC
GACTCACCACCTCAGG-1,ExM
GACTCACCATACTCCT-1,Subplate
GACTTACAGGAGTCTT-1,ExM
GACTTACAGGTCCACA-1,Cyc. Prog.
GACTTAGGTATTACCC-1,Upper Layer
GACTTAGGTGCATCGG-1,RG
GACTTGGTCGGTTTGG-1,Deeper Layer
GACTTGGTCTCGCCCA-1,ExM
GAGAAACGTGTCCAGG-1,Subplate
GAGAAACGTTCATTTG-1,Deeper Layer
GAGAAACGTTGAGGTC-1,IPC
GAGAACCAGCGTGCGT-1,ExM
GAGAACCAGCTCGCTT-1,Deeper Layer
GAGAACCAGGAAGCAC-1,Deeper Layer
GAGAACCAGGCCAATT-1,Deeper Layer
GAGAACCAGTTTCCTG-1,Deeper Layer
GAGATAAGTATTGAGT-1,Deeper Layer
GAGATAAGTCGTAAAT-1,ExM
GAGATAAGTTGCTTCG-1,ExM
GAGCAAATCAATAGCC-1,Deeper Layer
GAGCAAATCATGCCTC-1,mGPC/OPC
GAGCAAATCATTTGTC-1,RG
GAGCAAATCCTAGTAA-1,RG
GAGCAAATCTTTGACT-1,Upper Layer
GAGCATGCAAGACTCC-1,Deeper Layer
GAGCATGCAGGTTAAA-1,RG
GAGCCACTCACAGCCA-1,Deeper Layer
GAGCCACTCACTCGCT-1,Upper Layer
GAGCCACTCATGCTCC-1,Upper Layer
GAGCCACTCATTACGA-1,ExM
GAGCCACTCTCCATAT-1,Deeper Layer
GAGCGAAGTTATCCGT-1,ExM
GAGCGAAGTTTATGGG-1,RG
GAGCGATAGGGCTAAA-1,Deeper Layer
GAGCTAGCACCTGGTG-1,Upper Layer
GAGCTAGCATGATTGT-1,Upper Layer
GAGCTAGCATGTGGGA-1,Deeper Layer
GAGCTGCTCCTTGCGT-1,Deeper Layer
GAGCTGCTCGTTACTT-1,Upper Layer
GAGCTTAGTAAGCTTG-1,Deeper Layer
GAGCTTGTCATTTAGG-1,Deeper Layer
GAGCTTGTCCAGCACA-1,IPC
GAGGACTAGCACTAAC-1,ExM
GAGGACTAGGGTGAAC-1,Subplate
GAGGAGGCAACAGGAT-1,Deeper Layer
GAGGAGGCAAGACTCC-1,Deeper Layer
GAGGAGGCATTGCGTA-1,Upper Layer
GAGGCAAGTACCCACC-1,Deeper Layer
GAGGCTTGTGGCTTCC-1,Subplate
GAGGCTTGTTCATTTG-1,Deeper Layer
GAGGGAGCACTGACTA-1,Cyc. Prog.
GAGGTACAGCACAGCC-1,ExM
GAGGTACAGCACTAGT-1,Subplate
GAGGTACAGGCAAGTA-1,Deeper Layer
GAGGTACAGTTTGGGT-1,Subplate
GAGGTAGGTGAAGCCT-1,ExM
GAGGTGAGTCCAAGAC-1,ExM
GAGGTTAAGTAGGATG-1,IPC
GAGTAACCATTAAGTC-1,Subplate
GAGTAATAGTGAGGTA-1,Deeper Layer
GAGTAATAGTTGGCCA-1,Deeper Layer
GAGTATCTCGGGCCAT-1,Deeper Layer
GAGTCAAAGTAACAGG-1,ExM
GAGTGAGGTTGTTGTC-1,Deeper Layer
GAGTGAGGTTTAGCTC-1,RG
GAGTGATCACAATTAC-1,Deeper Layer
GAGTGTTTCCTGCGAA-1,ExM
GAGTGTTTCGCGACAC-1,ExM
GAGTTACTCCTAGTCC-1,ExM
GAGTTTGGTATTGTCC-1,Deeper Layer
GAGTTTGGTCATCATC-1,IPC
GAGTTTGGTGTGCAAC-1,RG
GAGTTTGGTTGCAATG-1,Deeper Layer
GATAAAGGTATTACCC-1,RG
GATAAAGGTCCTCCAA-1,Deeper Layer
GATAACGAGACTAAGG-1,ExM
GATAACGAGCACTAAC-1,ExM
GATAACGAGCTATTAG-1,Subplate
GATAAGCCAATTGCGC-1,ExM
GATAAGCCAGCTTAAT-1,Cyc. Prog.
GATAATCGTTGCGCGA-1,Upper Layer
GATAGACCAGGATAAC-1,Upper Layer
GATAGACCATGGAGGC-1,Subplate
GATCAAGAGTGAACGA-1,Upper Layer
GATCACTAGGGCCACT-1,Upper Layer
GATCAGGCAATGCCTA-1,Deeper Layer
GATCAGGCACTGACTA-1,Subplate
GATCAGGCAGTCTATG-1,RG
GATCAGTTCAGCACCA-1,ExM
GATCAGTTCATAACCA-1,IPC
GATCAGTTCCCTGTTA-1,Upper Layer
GATCAGTTCGATTTGA-1,Subplate
GATCAGTTCTAAGTGC-1,Deeper Layer
GATCCGTCAAGCGAGC-1,Deeper Layer
GATCGAGCACGGTTTA-1,ExM
GATCGAGCAGAAATGC-1,Subplate
GATCGAGCAGGCCAAA-1,Subplate
GATCGCTCAGGATAAC-1,Deeper Layer
GATCGCTCAGGTTAAA-1,RG
GATCGCTCATGACTAT-1,IPC
GATGAGGGTGATGATT-1,Deeper Layer
GATGAGGGTTTAGTCC-1,RG
GATGCAGCATAATGTC-1,Deeper Layer
GATGCAGCATGGCCCA-1,RG
GATGCGACACGTAAGG-1,Deeper Layer
GATGCGACAGCCAGAA-1,Upper Layer
GATGCTTAGCCGCAGT-1,Upper Layer
GATGCTTAGGAATAAC-1,Subplate
GATGGACAGCCACAAT-1,ExM
GATGGACAGGGATTAG-1,RG
GATGGACAGTGCTGTG-1,Deeper Layer
GATGGACAGTTTGTCT-1,ExM
GATTAAGCACTTACAG-1,Upper Layer
GATTACGGTACGTTTC-1,IPC
GATTAGCTCTGGCAAT-1,ExM
GATTAGTGTAAAGCAA-1,Upper Layer
GATTATGTCAAGCTAC-1,mGPC/OPC
GATTATGTCACGAATC-1,Deeper Layer
GATTATGTCCCTGTTA-1,Upper Layer
GATTCAATCCACCCTG-1,Subplate
GATTCAATCTAATCTC-1,ExM
GATTCAATCTTCAATC-1,Deeper Layer
GATTCAGGTAGGTTGC-1,Upper Layer
GATTCAGGTTGGTTCT-1,ExM
GATTCCTGTAAATTGC-1,IPC
GATTCCTGTGATTTGG-1,Deeper Layer
GATTCGCCAACAGGAT-1,ExM
GATTCGCCAGAATGAC-1,RG
GATTCGCCAGCTTACA-1,Deeper Layer
GATTGATGTCTTGCAT-1,ExM
GATTGCAGTTCCGGCT-1,IPC
GATTGGCGTATTGGTG-1,ExM
GATTGGCGTCGCATAA-1,Deeper Layer
GATTGGCGTTTGCAGA-1,IPC
GATTGGTTCGGGATTT-1,Deeper Layer
GCAAACAAGCTGAGGG-1,Deeper Layer
GCAAACAAGTCATTTC-1,Deeper Layer
GCAAACAAGTTGGGCC-1,ExM
GCAAACCGTTTGTTGC-1,Upper Layer
GCAAACTTCATAACGC-1,ExM
GCAACAGCAGGCATGA-1,Upper Layer
GCAACAGCATTAAAGG-1,Deeper Layer
GCAAGTCGTATTTGCC-1,RG
GCAAGTGCAAGTAAGC-1,Subplate
GCAAGTGCAGTAAGTA-1,Upper Layer
GCAATAGAGAGCAAGC-1,Upper Layer
GCAATAGAGTTGGCCA-1,Upper Layer
GCAATCTAGAATGACG-1,Upper Layer
GCAATCTAGGAGCATA-1,Upper Layer
GCAATCTAGTAGCCAT-1,Deeper Layer
GCAATCTAGTGAACGA-1,Deeper Layer
GCAATGAAGGAACGCG-1,ExM
GCAATGAAGTGCACGC-1,ExM
GCAATGTTCTATTGTC-1,Upper Layer
GCACATTAGCTTACTT-1,ExM
GCACCTAAGCGAGGTG-1,ExM
GCACCTAAGGCGAATA-1,RG
GCACCTAAGGTGAAGC-1,IPC
GCACGAACAAGTTATC-1,ExM
GCACGAACAGATTCAT-1,Upper Layer
GCACGCTAGCAGCTCA-1,RG
GCACGCTAGTTCCTCA-1,Upper Layer
GCACGGTTCAATTACG-1,Deeper Layer
GCACGGTTCTTAGTCT-1,ExM
GCACTAAGTCATAACG-1,ExM
GCACTAAGTCCAAATG-1,ExM
GCACTAAGTCCGCTGT-1,Upper Layer
GCACTTACAGGAACTG-1,Deeper Layer
GCAGCAACAGTATGTT-1,Upper Layer
GCAGCCAGTGGGTACT-1,IPC
GCAGCCAGTGTTTCAC-1,Deeper Layer
GCAGGAAGTAAATTGC-1,Deeper Layer
GCAGGAAGTTAGGACC-1,ExM
GCAGGAAGTTGGCCGA-1,ExM
GCAGGACCATAGCTTG-1,Cyc. Prog.
GCAGGCTTCACGCGGT-1,ExM
GCAGGCTTCGTTTCGC-1,RG
GCAGGCTTCTTGTCCA-1,ExM
GCAGGTGAGGTTACGT-1,Upper Layer
GCATCCTTCCTAACGG-1,Upper Layer
GCATCCTTCCTAAGAC-1,ExM
GCATCCTTCTGTTCAT-1,IPC
GCATGAAAGAAAGCAT-1,Deeper Layer
GCATGAAAGAACCTGT-1,Deeper Layer
GCATGAAAGGCAGGTG-1,Cyc. Prog.
GCATGAGCACCAGCAT-1,Subplate
GCATGAGCATTAAGCT-1,Upper Layer
GCATTAGGTTCGCGCT-1,Upper Layer
GCATTGCCACCCTCAC-1,Subplate
GCATTGCCACTAAGCC-1,ExM
GCATTGCCATTGTTGG-1,Deeper Layer
GCCAACATCACACAGT-1,Deeper Layer
GCCAACATCAGCACCA-1,RG
GCCAACATCATCAGTA-1,Deeper Layer
GCCAACATCCCGCAAA-1,ExM
GCCAACATCCCTCATA-1,ExM
GCCAACATCGTTAGCG-1,Deeper Layer
GCCAATAGTTACGCGG-1,Deeper Layer
GCCAATTAGGCAATAG-1,IPC
GCCAATTAGGTACCGC-1,Cyc. Prog.
GCCAATTAGTCCTTCA-1,Upper Layer
GCCACAATCTTAGTGA-1,Subplate
GCCACACAGTTTGGTA-1,Deeper Layer
GCCACTAAGTAATCCA-1,Upper Layer
GCCAGGAAGGAGTCTT-1,Deeper Layer
GCCAGGAAGGTACCGC-1,ExM
GCCATGATCGATCAGT-1,Upper Layer
GCCCAAATCCCGTTTA-1,Upper Layer
GCCCATAAGGAGCAAC-1,RG
GCCCATAAGGTCCGTA-1,IPC
GCCCATAAGTATTGGC-1,Upper Layer
GCCCGTTGTGTCCAGG-1,Deeper Layer
GCCCGTTGTTGTAACG-1,Deeper Layer
GCCGTGAGTCAAAGAA-1,Deeper Layer
GCCTAATAGCGGCTGT-1,Deeper Layer
GCCTAATAGGACTAAG-1,ExM
GCCTACTTCATGACCG-1,Deeper Layer
GCCTACTTCATTTGTC-1,ExM
GCCTACTTCGCACAAT-1,ExM
GCCTACTTCTAATCTC-1,Upper Layer
GCCTATTGTAGCTAGC-1,Deeper Layer
GCCTATTGTCTTGCAT-1,RG
GCCTCAAAGACACTTA-1,Upper Layer
GCCTCAAAGCCAGTAT-1,Subplate
GCCTCAAAGGCTCATG-1,RG
GCCTCCATCCACCCTG-1,Deeper Layer
GCCTCCATCGCATCCT-1,RG
GCCTCGACAACTGGCT-1,RG
GCCTCGACACTGACCG-1,RG
GCCTCGACATTATCCC-1,Subplate
GCCTGCTGTCCGTAGG-1,Upper Layer
GCCTGTGCAAACGCGA-1,Upper Layer
GCCTGTGCAAGCCAGA-1,Deeper Layer
GCCTGTGCAGCAGGTA-1,Deeper Layer
GCCTTACTCCTCATGC-1,Deeper Layer
GCCTTACTCGAGCAAA-1,ExM
GCCTTACTCTGTAATG-1,Deeper Layer
GCCTTAGAGCAGGTTT-1,RG
GCCTTGCGTTGTCATC-1,Deeper Layer
GCCTTGCGTTTAAAGC-1,ExM
GCCTTTATCGTGCCTT-1,RG
GCCTTTATCTCCATGC-1,Subplate
GCGAAGCCAAAGCGCA-1,Upper Layer
GCGAAGCCACAGGATG-1,Deeper Layer
GCGAAGTAGGAATAAC-1,Deeper Layer
GCGAAGTAGTGATTCA-1,Upper Layer
GCGAGTGAGGGTGAGT-1,Deeper Layer
GCGATATTCTAATTGG-1,Cyc. Prog.
GCGATTAGTACAATGT-1,ExM
GCGATTTAGCTTAGCG-1,ExM
GCGATTTAGGAAACTG-1,IPC
GCGCAAACACAACAAA-1,Upper Layer
GCGCAAACACAGAAAC-1,IPC
GCGCAAACATTCAGCA-1,RG
GCGCAATGTCCGGTTC-1,Deeper Layer
GCGCAATGTTACTTGC-1,Deeper Layer
GCGCCTTGTAATCGTG-1,ExM
GCGCGATTCAGCAAAG-1,Upper Layer
GCGCTAGGTACTGAAT-1,Deeper Layer
GCGCTTGCACTGACTA-1,ExM
GCGGAACCACGGTTTA-1,Deeper Layer
GCGGAACCAGAGGGAG-1,Deeper Layer
GCGGAACCAGCAATAA-1,Deeper Layer
GCGGGTTTCCAACTGG-1,Upper Layer
GCGGGTTTCGCTAAGT-1,ExM
GCGGGTTTCGTTAGCG-1,Upper Layer
GCGGTTGGTGCTGGTG-1,Upper Layer
GCGGTTGGTTCCGGGA-1,ExM
GCGTGCTAGCTTATGA-1,ExM
GCGTGCTAGGGCCACT-1,ExM
GCGTTTCTCGCACAAT-1,Subplate
GCGTTTCTCTTAGGAC-1,IPC
GCTAACAGTAACCACA-1,Deeper Layer
GCTAACAGTACAAAGA-1,Deeper Layer
GCTAACAGTCCTAACT-1,ExM
GCTAAGAAGCGGATTT-1,Deeper Layer
GCTAAGAAGCTAGAAG-1,RG
GCTAAGAAGGCGCTAC-1,Deeper Layer
GCTAAGCGTTGGGTTA-1,ExM
GCTAAGTTCCTAAGGT-1,Upper Layer
GCTAAGTTCTTACTCG-1,IPC
GCTAATATCAAGCGCC-1,Deeper Layer
GCTAATATCAGCACGC-1,Subplate
GCTAATATCATGCTAA-1,Upper Layer
GCTAATATCCAAACAC-1,ExM
GCTAATATCCCTGATC-1,Deeper Layer
GCTAATATCGTTATCT-1,ExM
GCTAGCCAGCTATGAC-1,Subplate
GCTAGCCAGCTTACTT-1,Upper Layer
GCTAGCGGTTAGTGAT-1,RG
GCTAGCTCAGGAACTG-1,Subplate
GCTAGCTCATGCTCCC-1,RG
GCTATAGGTAGTAAGA-1,Cyc. Prog.
GCTATAGGTCTAACAG-1,RG
GCTATAGGTTCCGGGA-1,Subplate
GCTATCCTCCTAATGA-1,IPC
GCTATCCTCGCTAGCA-1,RG
GCTATCCTCTCCATGC-1,ExM
GCTATCCTCTTGCAAA-1,RG
GCTATTGCAAACAACA-1,Cyc. Prog.
GCTATTGCAATAACGA-1,Deeper Layer
GCTATTGCACAGGGAC-1,Subplate
GCTATTGCACCTAAGC-1,Deeper Layer
GCTATTGCAGCTTAAT-1,Upper Layer
GCTCAACCAATTGCGC-1,Deeper Layer
GCTCAACCAGCAGGTA-1,Deeper Layer
GCTCATTGTACGGGTT-1,Deeper Layer
GCTCATTGTCGCAATA-1,Deeper Layer
GCTCCTTAGTAACCCG-1,ExM
GCTCCTTAGTTCCCGT-1,Deeper Layer
GCTCTGGCAGGACACA-1,RG
GCTCTGGCATTGGGAG-1,Upper Layer
GCTGACATCAGGTTTA-1,Upper Layer
GCTGACATCCGGTTAG-1,Deeper Layer
GCTGACATCCTAATAG-1,Subplate
GCTGACCAGCGTGCAC-1,ExM
GCTGACCAGCTTATGA-1,Deeper Layer
GCTGACCAGGAACACA-1,RG
GCTGACCAGGCCTAAT-1,ExM
GCTGAGGAGAGGCTAA-1,Deeper Layer
GCTGAGGAGATTGAGG-1,Upper Layer
GCTGAGGAGTATCGCG-1,Deeper Layer
GCTGATCCACGAACAG-1,ExM
GCTGATCCATAAAGCA-1,Upper Layer
GCTGCACAGCAAGGTA-1,ExM
GCTGCACAGGATCCGC-1,Deeper Layer
GCTGCACAGGGACCTC-1,Deeper Layer
GCTGCACAGTCTGGGC-1,Deeper Layer
GCTGCATCAGTTTGGC-1,Cyc. Prog.
GCTGCATCATAGACCC-1,Upper Layer
GCTGCATCATCGCTCC-1,Upper Layer
GCTGCATCATGATTGT-1,ExM
GCTGGATGTGCGCAAT-1,Deeper Layer
GCTGGTTCACTTACAG-1,ExM
GCTGTAAGTTAGGTGC-1,ExM
GCTGTGATCATTTGTC-1,Cyc. Prog.
GCTGTGATCGCATTAA-1,Upper Layer
GCTGTGCAGAGAGGCT-1,ExM
GCTGTGCAGGTGAGAC-1,RG
GCTTAAATCACCTGCT-1,Deeper Layer
GCTTAAATCCGCCTAT-1,Deeper Layer
GCTTAAATCCTGGTGA-1,ExM
GCTTAACAGTGAGAGC-1,Subplate
GCTTAGTAGTGATTCA-1,ExM
GCTTATCGTCCTAAGA-1,Cyc. Prog.
GCTTATCGTGATCAGC-1,Deeper Layer
GCTTATCGTTAGTGAT-1,Deeper Layer
GCTTATCGTTTCCTCC-1,ExM
GCTTCGCGTCTTACTA-1,Subplate
GCTTGACCAATAATGG-1,Upper Layer
GCTTGACCAATCCCTT-1,Upper Layer
GCTTGACCATTGCGAC-1,RG
GCTTGTTGTGCGCATG-1,Cyc. Prog.
GCTTTACGTTGCTTCG-1,Deeper Layer
GCTTTACGTTGTAAAC-1,ExM
GCTTTATTCAATTGGC-1,Deeper Layer
GCTTTATTCCGGTTAG-1,Deeper Layer
GCTTTATTCGCTAGAT-1,ExM
GCTTTATTCGGTTTGG-1,ExM
GCTTTCATCACAAGCT-1,ExM
GCTTTCATCCTCAGTC-1,Cyc. Prog.
GCTTTCATCGCCTAAG-1,Upper Layer
GCTTTGTGTCAAGACC-1,IPC
GCTTTGTGTCCTAGTT-1,ExM
GGAAACTCAGCAAATA-1,Upper Layer
GGAAACTCATCATGTG-1,ExM
GGAAACTCATTGACAT-1,ExM
GGAACAATCCAGGTTG-1,RG
GGAACAATCCTAGTAA-1,Upper Layer
GGAACCACAAGGGTTG-1,Subplate
GGAACCACACTTAACG-1,ExM
GGAACCTGTAGTAAGA-1,ExM
GGAACCTGTGCTGGTG-1,ExM
GGAACGGTCACAGACT-1,ExM
GGAACGGTCCAGGTTG-1,Deeper Layer
GGAACGGTCCGGCTAA-1,Subplate
GGAACGGTCCTGGTGA-1,IPC
GGAACGGTCGCGCTAA-1,Cyc. Prog.
GGAACTAAGGTCAAAG-1,Deeper Layer
GGAAGCTAGGTTAGCT-1,Deeper Layer
GGAAGCTAGTTTGCGG-1,Upper Layer
GGAAGTATCCCTCAGT-1,IPC
GGAAGTATCGGCCATA-1,RG
GGAATCTTCAAGTGAG-1,ExM
GGAATCTTCAGGCTAT-1,Deeper Layer
GGACATAAGGATAAAC-1,RG
GGACCGAAGCATTAGC-1,Upper Layer
GGACCGAAGGCTACTG-1,Subplate
GGACCTCAGCCACATG-1,Deeper Layer
GGACCTCAGCGGATAA-1,RG
GGACCTCAGGATCCGC-1,ExM
GGACCTCAGTAACCCG-1,Upper Layer
GGACGAAGTGTTGTAG-1,Cyc. Prog.
GGACGGATCCGCCTAT-1,Upper Layer
GGACGGATCCGTCCAT-1,Deeper Layer
GGACGGATCTCAATGA-1,ExM
GGACGGATCTCACTAT-1,Deeper Layer
GGACGGATCTGTTGCC-1,Upper Layer
GGACTAAAGCATCCAG-1,Upper Layer
GGACTAAAGGAGGCAT-1,ExM
GGACTAAAGGCTTAAC-1,Cyc. Prog.
GGAGCAAGTTACAACG-1,Deeper Layer
GGAGCATAGCGCTAAT-1,Cyc. Prog.
GGAGCATAGGCCAATT-1,ExM
GGAGCATAGTTATCCT-1,Deeper Layer
GGAGCGATCCTAAGGT-1,Upper Layer
GGAGGTTAGTTTGTCT-1,Upper Layer
GGAGTCTGTCAAAGGG-1,Subplate
GGAGTGAGTGAAACAA-1,ExM
GGAGTGAGTGACCTGG-1,ExM
GGAGTGAGTTAGCAGC-1,Subplate
GGAGTGAGTTCAAGAT-1,Upper Layer
GGATACTTCATTATGG-1,RG
GGATACTTCGTTTCTG-1,Upper Layer
GGATATTGTGGACCTG-1,ExM
GGATGAATCAATCTAG-1,IPC
GGATGAATCTCACTAT-1,RG
GGATGGCCAAGGTCGA-1,Deeper Layer
GGATGGCCACTATGGC-1,Subplate
GGATGTAAGGACGTAA-1,Deeper Layer
GGATGTAAGTAAGGGC-1,Subplate
GGATTCAGTGTGTGGT-1,Deeper Layer
GGCAAATCAGAAACGT-1,ExM
GGCAAATCAGGCGAGT-1,Cyc. Prog.
GGCAAGCCATGTCGCG-1,RG
GGCAAGCCATTGCGAC-1,ExM
GGCAATCGTTGTAACG-1,ExM
GGCAGGATCCTAAATG-1,RG
GGCATTAGTAGCTAAT-1,Upper Layer
GGCATTGTCAATCTCT-1,Upper Layer
GGCATTGTCTATCGCC-1,RG
GGCCAACTCTAAGTGC-1,Upper Layer
GGCCATCAGCAGCTAT-1,Deeper Layer
GGCCATCAGGCGCTTA-1,Deeper Layer
GGCCGTTAGGGCTAAA-1,Upper Layer
GGCCTCTGTTTCCACG-1,Upper Layer
GGCCTTAAGGAAGCAC-1,Deeper Layer
GGCCTTAAGGCTACTG-1,ExM
GGCCTTCGTGAAACAA-1,ExM
GGCCTTCGTTAGCCAA-1,Deeper Layer
GGCGATACATTCCTGT-1,ExM
GGCGCTAGTTGAATCG-1,Upper Layer
GGCGGTAAGCTTCCCG-1,RG
GGCGGTAAGTCATCCC-1,Upper Layer
GGCGGTTTCAATTGGC-1,Deeper Layer
GGCGGTTTCACCTGTC-1,RG
GGCGGTTTCAGGGCCT-1,Upper Layer
GGCTAGTGTACCGTAA-1,ExM
GGCTAGTGTGCTCCAC-1,Deeper Layer
GGCTAGTGTTAATGAC-1,Upper Layer
GGCTAGTGTTATCCTA-1,ExM
GGCTATGTCCAAACAC-1,Upper Layer
GGCTATGTCCTTGCAC-1,Subplate
GGCTATTAGTCTTGAA-1,ExM
GGCTCAATCCCTGATC-1,Deeper Layer
GGCTCACAGCACTAAC-1,Deeper Layer
GGCTCACAGGGATTAG-1,ExM
GGCTCACAGTAACAGG-1,Deeper Layer
GGCTCACAGTCTATGA-1,Subplate
GGCTGAGAGTTATGGC-1,Deeper Layer
GGCTGGTTCCGGCTAA-1,ExM
GGCTGTCAGACAAACG-1,IPC
GGCTGTCAGTTGGGCC-1,Deeper Layer
GGCTTAAGTAAGCTCA-1,ExM
GGCTTCAAGGTTAGCT-1,IPC
GGCTTCAAGTAAGTGG-1,RG
GGCTTCAAGTCATTAG-1,Subplate
GGGAATATCGAAGTGA-1,Cyc. Prog.
GGGAATATCTCACTAT-1,Deeper Layer
GGGATAATCTTTAAGG-1,Cyc. Prog.
GGGCAATAGCGCCTTT-1,Upper Layer
GGGCAATAGTATTGGC-1,Upper Layer
GGGCATGAGGCATGAA-1,Subplate
GGGCATGAGTAATCCA-1,Upper Layer
GGGCATTGTTGGATCA-1,Upper Layer
GGGCGAATCATAGCCG-1,Upper Layer
GGGCTAACAGTTATCG-1,Cyc. Prog.
GGGTATTTCCGCAAGC-1,Deeper Layer
GGGTATTTCGCAGGCT-1,Deeper Layer
GGGTCACTCATGGTGT-1,Upper Layer
GGGTCACTCCTTGCGT-1,Deeper Layer
GGGTGAAGTAAAGCGG-1,RG
GGGTGAAGTTCTTTAG-1,ExM
GGGTGTTGTCCTAGTT-1,RG
GGGTTACGTACTGAAT-1,Upper Layer
GGGTTACGTTGTAACG-1,Deeper Layer
GGGTTATTCGGTCATG-1,Deeper Layer
GGGTTATTCTATTGTC-1,Upper Layer
GGGTTATTCTTGGACG-1,Deeper Layer
GGGTTTCCAGCAACCT-1,Upper Layer
GGGTTTCCATTATCCC-1,Deeper Layer
GGGTTTGTCGAAGTAG-1,Upper Layer
GGTAACCGTATGGTGC-1,ExM
GGTAACCGTTACGCGG-1,Deeper Layer
GGTAACCGTTCGCTTG-1,Deeper Layer
GGTAACTTCACGCATG-1,Upper Layer
GGTAACTTCAGGTTTA-1,ExM
GGTAACTTCCTTGAGG-1,Deeper Layer
GGTAACTTCTACCTGC-1,Deeper Layer
GGTAAGGGTTCCTGAT-1,Subplate
GGTAAGGGTTTGTGGA-1,ExM
GGTAATTGTCCTAACT-1,Subplate
GGTACAAAGCTTTGGG-1,RG
GGTACAAAGTCCTGAG-1,ExM
GGTACTTAGCGATAAG-1,Cyc. Prog.
GGTAGGAGTCTAACAG-1,ExM
GGTAGGAGTGAAGCCT-1,Deeper Layer
GGTAGGAGTTACGCAA-1,Deeper Layer
GGTATGTTCGCTAAGT-1,Subplate
GGTATTTCACAGGGAC-1,mGPC/OPC
GGTATTTCAGCCAGAA-1,ExM
GGTCAATTCAATTACG-1,ExM
GGTCAATTCGGTCAAT-1,Upper Layer
GGTCAGGAGCAGCTCA-1,Subplate
GGTCAGGAGTTGCCTC-1,Upper Layer
GGTCATTAGAGGAAGG-1,Deeper Layer
GGTCATTAGCTGTAAC-1,ExM
GGTCCATCAGAGGGAG-1,Cyc. Prog.
GGTCCATCATAAAGCA-1,ExM
GGTCCATCATCTTGAG-1,ExM
GGTCCGTAGGCTAATC-1,Deeper Layer
GGTCCGTAGTACCGCA-1,Deeper Layer
GGTCCTGCAAAGCGCA-1,Deeper Layer
GGTCCTGCAACCCTCC-1,IPC
GGTCCTGCACCTGGTG-1,Deeper Layer
GGTCCTGCAGCACGTT-1,Cyc. Prog.
GGTCGGTTCGAGGAAC-1,RG
GGTCGGTTCTCACTCA-1,ExM
GGTCTTGAGTAACTCA-1,Subplate
GGTCTTTGTAGTCAAT-1,Deeper Layer
GGTCTTTGTCCGGTTC-1,Cyc. Prog.
GGTCTTTGTCTTTGAC-1,Deeper Layer
GGTCTTTGTGTCCAGG-1,Upper Layer
GGTCTTTGTTGCAATG-1,Deeper Layer
GGTGAGCCAAGGTATA-1,IPC
GGTGAGCCAATCCTAG-1,Upper Layer
GGTGAGCCAATTTGGT-1,ExM
GGTGAGCCAGCACGAA-1,Upper Layer
GGTGAGCCATTTGCTC-1,Deeper Layer
GGTGAGGTCCTGAGTG-1,Upper Layer
GGTGAGGTCTTGATGA-1,Cyc. Prog.
GGTGAGTAGCTATGAC-1,Deeper Layer
GGTGAGTAGGGTTATC-1,Upper Layer
GGTGATTTCAGGAAGC-1,ExM
GGTGATTTCCACAATA-1,Cyc. Prog.
GGTGATTTCCTCGATC-1,RG
GGTGATTTCTTACTCG-1,ExM
GGTGCTGGTACAATGT-1,Deeper Layer
GGTGCTGGTCAACAAT-1,Cyc. Prog.
GGTGCTGGTTAAGCGC-1,Upper Layer
GGTGCTGGTTATAGCG-1,Deeper Layer
GGTGCTTCAATGAAGC-1,Upper Layer
GGTGCTTCATGAAATG-1,Upper Layer
GGTGCTTCATTGTGGC-1,IPC
GGTGTCCAGCTTGCTC-1,Deeper Layer
GGTGTGACACCCTCAC-1,ExM
GGTGTGACATCCTGAA-1,Deeper Layer
GGTGTGACATTGTGCA-1,Deeper Layer
GGTGTTGTCTTAGCGG-1,ExM
GGTTAATGTAAGCTCA-1,RG
GGTTAATGTATTGTGG-1,Deeper Layer
GGTTAATGTCATAAGT-1,ExM
GGTTACCCACCGGCTA-1,ExM
GGTTACCCAGTCTAGC-1,ExM
GGTTACTAGCCTGGTA-1,Deeper Layer
GGTTACTAGGACGTAA-1,Upper Layer
GGTTACTAGGTCGAGG-1,Deeper Layer
GGTTACTAGGTTACGT-1,Upper Layer
GGTTACTAGTAACCCG-1,ExM
GGTTACTAGTCACGAT-1,Deeper Layer
GGTTAGCGTCCACAAA-1,Upper Layer
GGTTAGCGTTAGCCAA-1,Upper Layer
GGTTATATCGGCTAGC-1,ExM
GGTTATGGTGATCAGC-1,Cyc. Prog.
GGTTATGGTGTTCCCA-1,RG
GGTTATGGTTAACAGT-1,Upper Layer
GGTTCCCGTGCTAGAC-1,Subplate
GGTTCTTGTTAATCGG-1,Deeper Layer
GGTTGACGTGTGTGGT-1,IPC
GGTTGACGTTTGCAGA-1,ExM
GGTTGAGCAGCATGTC-1,ExM
GGTTGAGCATCTAGCA-1,Upper Layer
GGTTGCATCAGGATGA-1,Deeper Layer
GGTTGCATCATGGTTA-1,Deeper Layer
GGTTGCGGTAATGGCC-1,Deeper Layer
GGTTGCGGTTCCGGCT-1,IPC
GGTTGCTCAGATAGAC-1,Deeper Layer
GGTTGGTGTTGCACGG-1,ExM
GGTTTAATCCGCCTAT-1,Cyc. Prog.
GGTTTCCTCCTTAATC-1,Upper Layer
GGTTTCCTCGGTCATG-1,Subplate
GGTTTCCTCTCGCCTG-1,ExM
GGTTTCTGTCAGTAAT-1,Upper Layer
GGTTTCTGTGCTGGTG-1,ExM
GGTTTCTGTTAGACCA-1,Deeper Layer
GGTTTGTAGGAGGTTA-1,Deeper Layer
GTAAAGCCATTGTCCT-1,Deeper Layer
GTAAGCAAGTGAGCAA-1,Upper Layer
GTAAGCTTCATTCATC-1,Deeper Layer
GTAAGGTCACAGACTC-1,Subplate
GTAAGGTCACCAAAGG-1,Deeper Layer
GTAAGGTCACCCTCAC-1,Deeper Layer
GTAATAGCACGAATCC-1,Deeper Layer
GTACAATGTCGTTATC-1,RG
GTACAATGTTCCGGGA-1,Deeper Layer
GTACAATGTTTGGTTC-1,Deeper Layer
GTACCGGGTACCAGGT-1,ExM
GTACGTAGTAGCTAAT-1,Subplate
GTACGTAGTCAAGTAT-1,Subplate
GTACTAATCATGAGCT-1,ExM
GTACTAATCCAAGTGT-1,Cyc. Prog.
GTACTAATCTGGCATG-1,Upper Layer
GTACTAGGTGAAACAA-1,Deeper Layer
GTACTAGGTTGTAAAC-1,Subplate
GTACTGGTCATTGTCT-1,ExM
GTACTTAAGAGAGGCT-1,ExM
GTACTTAAGCAAGGTA-1,Deeper Layer
GTACTTCGTAGCCTAA-1,Deeper Layer
GTACTTCGTCGTAATG-1,Upper Layer
GTACTTCGTTCGCTCA-1,IPC
GTAGCCATCCTTAGGG-1,Deeper Layer
GTAGCCATCCTTCGTA-1,RG
GTAGCGCTCATAGCCG-1,Deeper Layer
GTAGCTGTCTTGAGCG-1,IPC
GTAGGAGGTTAGTGAT-1,IPC
GTAGGAGGTTGCGGAT-1,Upper Layer
GTAGGATCAAACATAG-1,ExM
GTAGGATCAACTGGCT-1,ExM
GTAGGCGAGAGAGCCG-1,IPC
GTAGGCGAGCGAGCGA-1,Upper Layer
GTAGGCGAGTAAGTGG-1,Upper Layer
GTAGGCGAGTGCACGC-1,ExM
GTAGGTGCAAAGCTCC-1,ExM
GTAGGTGCAAGTTATC-1,Subplate
GTAGGTGCAATAATGG-1,Upper Layer
GTAGTTATCACAGCGC-1,Deeper Layer
GTAGTTATCATAACGC-1,Deeper Layer
GTAGTTATCATGACCG-1,Upper Layer
GTAGTTATCATGTCAA-1,Upper Layer
GTAGTTATCTTGCATT-1,Subplate
GTAGTTTCAATTAGCT-1,ExM
GTAGTTTCATTAAAGG-1,ExM
GTATCGCCACATAGCC-1,Subplate
GTATCGCCATTGTGTG-1,Deeper Layer
GTATGTGGTGGATTGC-1,Deeper Layer
GTATGTTCACCTAAGC-1,ExM
GTATGTTCATTGTGTG-1,Deeper Layer
GTATTCAAGCCTAACG-1,Upper Layer
GTATTCAAGCTATGAC-1,Subplate
GTATTCAAGTCACTAA-1,IPC
GTATTGATCTCCTCTT-1,Deeper Layer
GTATTGATCTTGTCTG-1,Deeper Layer
GTATTGCAGCCGCTAA-1,ExM
GTATTGTCATTAAAGG-1,Upper Layer
GTCAAACTCACATTGA-1,Upper Layer
GTCAAACTCCGCCTCA-1,Deeper Layer
GTCAATATCCACCCTG-1,Upper Layer
GTCAATATCGGTACGC-1,Upper Layer
GTCAATATCGTACCGA-1,Upper Layer
GTCAATATCGTTAACA-1,Subplate
GTCAATATCTCACAAA-1,Upper Layer
GTCAATATCTTTAGGA-1,Deeper Layer
GTCAGGCTCAAGGACA-1,RG
GTCATCCTCAAACTCA-1,Upper Layer
GTCATGCCAAGGTCCT-1,ExM
GTCATGCCATTGTGGC-1,Subplate
GTCATTAAGCATTTCT-1,Upper Layer
GTCATTAAGCGGATTT-1,Deeper Layer
GTCATTAAGCTCATAA-1,RG
GTCATTAAGGATGATG-1,ExM
GTCCAAGTCGGGCCAT-1,Deeper Layer
GTCCAAGTCTGCAAAC-1,Deeper Layer
GTCCAGGGTACTGATG-1,ExM
GTCCAGGGTGTCCAGG-1,Cyc. Prog.
GTCCATTGTAGTTAAC-1,Upper Layer
GTCCGTAAGAGAAGGG-1,IPC
GTCCGTAAGCCTGTTC-1,RG
GTCCGTAAGCTTAGTA-1,Deeper Layer
GTCCTAGAGTGGACAA-1,Deeper Layer
GTCCTCAGTCATAACG-1,Upper Layer
GTCCTCAGTTATTGCC-1,Deeper Layer
GTCGAAGCAACAACAA-1,Upper Layer
GTCGAAGCACATTGCA-1,Deeper Layer
GTCGAAGCAGCTCAAC-1,Deeper Layer
GTCGAGGAGCAAGACA-1,ExM
GTCGAGGAGGACTTAC-1,Upper Layer
GTCGAGGAGTCATGCG-1,Subplate
GTCGCAATCCCGAACA-1,Subplate
GTCGCAATCCTGATTT-1,Upper Layer
GTCGGTTCAAGGTGCA-1,Deeper Layer
GTCGGTTCAGTTTGGC-1,IPC
GTCGGTTCATTGTTGG-1,Upper Layer
GTCTAATCACGGTTTA-1,RG
GTCTAGCCAGGGAGCT-1,IPC
GTCTATCGTAACGTGC-1,Subplate
GTCTATCGTAAGCTCA-1,ExM
GTCTATCGTGGTTAGC-1,Deeper Layer
GTCTATCGTTCACTGT-1,ExM
GTCTATCGTTGTCCAT-1,ExM
GTCTTGCTCCGCAAGC-1,ExM
GTCTTGCTCGCTCCAT-1,Upper Layer
GTCTTTAGTATGTGGC-1,ExM
GTCTTTAGTCATAAGT-1,Upper Layer
GTCTTTAGTCTTGCTG-1,Deeper Layer
GTCTTTGTCGTTATCT-1,Subplate
GTCTTTGTCTGTGCAG-1,RG
GTCTTTGTCTTAAGTG-1,Subplate
GTGAACAAGCAATAGG-1,Subplate
GTGAATCTCATAATCG-1,Cyc. Prog.
GTGAATCTCCCTGGAA-1,Deeper Layer
GTGAATCTCGGCTAGC-1,Deeper Layer
GTGAATCTCGTAACGT-1,ExM
GTGAGGAGTACCCACC-1,ExM
GTGATCAGTATGGTGC-1,Deeper Layer
GTGATCAGTCGTAAAT-1,Upper Layer
GTGATGAAGCATTTCT-1,Deeper Layer
GTGATGAAGCTGCACA-1,Deeper Layer
GTGATGAAGGGACGCA-1,Upper Layer
GTGCACGGTAAAGCGG-1,Subplate
GTGCACGGTTAAGCGC-1,Upper Layer
GTGCATTAGCGAGCGA-1,ExM
GTGCATTAGCTGTCAG-1,Upper Layer
GTGCATTAGGTCATTA-1,Deeper Layer
GTGCCTTTCACTCAAA-1,Subplate
GTGCCTTTCCGTCCAT-1,Deeper Layer
GTGCCTTTCGAAGTGA-1,Deeper Layer
GTGCCTTTCTCACTCA-1,ExM
GTGCCTTTCTTGAGCG-1,Deeper Layer
GTGCCTTTCTTGTCTG-1,ExM
GTGCGCAGTGAGAAAC-1,Upper Layer
GTGCGGTTCCGCAACA-1,Subplate
GTGCGGTTCCTTTACG-1,Upper Layer
GTGCTCAAGACTAAGG-1,ExM
GTGCTCAAGGCAACAA-1,Deeper Layer
GTGCTCCGTACCGGAT-1,Subplate
GTGCTCCGTCAAAGAA-1,ExM
GTGCTCCGTTTGACCT-1,Cyc. Prog.
GTGCTGATCAATGTGC-1,RG
GTGCTGATCATCCACC-1,Deeper Layer
GTGCTGATCCCGAACA-1,Deeper Layer
GTGCTGGGTCTCAGCC-1,RG
GTGCTTACACTAAGAA-1,Deeper Layer
GTGCTTACAGGTTCAC-1,Deeper Layer
GTGCTTCTCCACAATA-1,Deeper Layer
GTGCTTCTCGTTAGCG-1,Deeper Layer
GTGGACACAGGTTCAC-1,RG
GTGGATGCAACTAGGG-1,Deeper Layer
GTGGATGCACTGGCCA-1,Deeper Layer
GTGGCTTCAAACGGGC-1,ExM
GTGGCTTCAACTAGCC-1,IPC
GTGGCTTCAAGACTCC-1,Deeper Layer
GTGGCTTCAATTGACT-1,Deeper Layer
GTGGCTTCACTAGCGT-1,Deeper Layer
GTGGCTTCAGGAACAT-1,Deeper Layer
GTGGCTTCAGTAGGAT-1,Deeper Layer
GTGGTTAGTGCATTAG-1,Upper Layer
GTGGTTAGTTGGATAT-1,Deeper Layer
GTGTAACTCTGCAACG-1,ExM
GTGTCCAAGCTAAAGG-1,Deeper Layer
GTGTCCAAGTTGGCCA-1,Subplate
GTGTGAGCACTGGCTG-1,Upper Layer
GTGTGAGCACTTAACG-1,Deeper Layer
GTGTGCGGTTGGCCGA-1,IPC
GTGTGTTAGGAACACA-1,ExM
GTGTGTTAGGCAACAA-1,Deeper Layer
GTGTGTTAGTTGGCCA-1,Subplate
GTGTTACAGGAATAAC-1,Subplate
GTGTTACAGTAAACCC-1,Cyc. Prog.
GTGTTACAGTCATGCG-1,RG
GTGTTCCTCCTTAGGG-1,mGPC/OPC
GTGTTCCTCTAAGTGC-1,Deeper Layer
GTTAACCAGTGTGATC-1,Upper Layer
GTTAACGGTACCCACC-1,ExM
GTTAACGGTCACAGCG-1,Deeper Layer
GTTAACGGTGCATTTC-1,Upper Layer
GTTAACGGTTGAGGTC-1,ExM
GTTAACGGTTTGGGTA-1,RG
GTTAAGTGTGCGCATG-1,Deeper Layer
GTTAAGTGTGGGAACA-1,Upper Layer
GTTAAGTGTTAGTTGG-1,Upper Layer
GTTAAGTGTTCGCTCA-1,Subplate
GTTAATGTCGTCATTT-1,ExM
GTTACCTGTTAGGATT-1,Deeper Layer
GTTACGTAGGCTACAT-1,Subplate
GTTACTAAGGTCGATT-1,Deeper Layer
GTTACTCGTCTAACCT-1,Upper Layer
GTTAGACTCTCACTAT-1,RG
GTTAGGCGTAGCTGCG-1,ExM
GTTAGGCGTTCACTGT-1,Upper Layer
GTTCACCTCAAATCGC-1,Subplate
GTTCACCTCAGGATGA-1,ExM
GTTCACCTCAGTGAAG-1,Deeper Layer
GTTCACCTCATGTGGT-1,RG
GTTCACCTCGTTAACA-1,Subplate
GTTCATTTCACTCAAA-1,ExM
GTTCCTTCAAACATAG-1,Deeper Layer
GTTCCTTCACTTCACT-1,Deeper Layer
GTTCGCGCAAGACTCC-1,Deeper Layer
GTTCGCGCAATAACGA-1,Deeper Layer
GTTCGCGCAATAAGCA-1,RG
GTTCGCGCAGCAATAA-1,RG
GTTCGCGCATCTTGAG-1,Upper Layer
GTTCGCTTCATGCATA-1,Deeper Layer
GTTCGCTTCCTAAGAC-1,Upper Layer
GTTCTCATCACCTGTC-1,Upper Layer
GTTCTCATCGCTTGCT-1,ExM
GTTCTCATCGTTTCTG-1,Subplate
GTTCTCATCTTAGTCT-1,Upper Layer
GTTCTTAGTATGGTGC-1,ExM
GTTCTTAGTTACGCGG-1,IPC
GTTCTTAGTTGTCCAT-1,Upper Layer
GTTCTTAGTTTACTTG-1,ExM
GTTCTTGTCACCGGTA-1,Deeper Layer
GTTCTTGTCAGAAACG-1,ExM
GTTCTTGTCCGTCCAT-1,ExM
GTTCTTGTCTAATCCT-1,Deeper Layer
GTTGCATAGACTATTG-1,Cyc. Prog.
GTTGCCCGTGCTAGCG-1,Upper Layer
GTTGCCCGTTAACAGT-1,Upper Layer
GTTGCGGGTAATGACT-1,Deeper Layer
GTTGCGGGTAGGTTAT-1,ExM
GTTGGAGCACCTCGCT-1,Upper Layer
GTTGGAGCAGTAATAG-1,IPC
GTTGGCCAGACTTACA-1,Deeper Layer
GTTGGCGGTAGGTTAT-1,Subplate
GTTGGCGGTTCGCTTG-1,Upper Layer
GTTGTGAGTAGGTGTC-1,Deeper Layer
GTTGTGAGTGATGATT-1,Upper Layer
GTTGTGAGTGTTAAAC-1,ExM
GTTGTGAGTTTACTTG-1,Upper Layer
GTTGTTGCAAGTGTTT-1,ExM
GTTGTTGCAATATACC-1,RG
GTTTACCGTAGGTTTG-1,Deeper Layer
GTTTACCGTCAGGCCA-1,ExM
GTTTACCGTTGGATCA-1,Subplate
GTTTAGCAGGCTAATC-1,Deeper Layer
GTTTAGCAGGTGCGGA-1,ExM
GTTTAGCAGTAGCTTA-1,Deeper Layer
GTTTAGCAGTCCTTCA-1,ExM
GTTTATCTCACGTTAA-1,Cyc. Prog.
GTTTATCTCGCTCCAT-1,Upper Layer
GTTTCAGCAAATTGCT-1,Subplate
GTTTCAGCATCTTGAG-1,ExM
GTTTCCTCACCTATAG-1,Upper Layer
GTTTCTAGTCCTAAGA-1,Cyc. Prog.
GTTTCTAGTGTGCACG-1,Subplate
GTTTGCTGTTCCTGAT-1,Upper Layer
GTTTGTCGTACGTTTC-1,RG
GTTTGTCGTGTCCTGC-1,ExM
GTTTGTTTCGATCAGT-1,RG
TAAACAGCAAATTCGT-1,IPC
TAAACAGCAGGCATCT-1,Subplate
TAACAAGCACACTAAT-1,Upper Layer
TAACAAGCAGTTTGTG-1,ExM
TAACAAGCATCCCGCT-1,Deeper Layer
TAACCAGGTATTGGTG-1,ExM
TAACCAGGTCTAGCTT-1,Subplate
TAACCAGGTGCTCACC-1,Deeper Layer
TAACCAGGTTATCCTA-1,Deeper Layer
TAACCAGGTTTCCGGC-1,Deeper Layer
TAACCGGTCAGTTCCC-1,Deeper Layer
TAACCGGTCCTAAGTA-1,Upper Layer
TAAGCCAGTCACGAAC-1,Upper Layer
TAAGCCTAGTACTGGT-1,Cyc. Prog.
TAAGCCTAGTCCTTCA-1,Deeper Layer
TAAGCCTAGTTAGGCT-1,Upper Layer
TAAGCTATCGCGACAC-1,Deeper Layer
TAAGCTGGTCCTTAGT-1,Subplate
TAAGGACCAGAGGCTA-1,IPC
TAAGGACCATAATGAG-1,Subplate
TAAGGACCATGAGCAG-1,Deeper Layer
TAAGGCTTCAGGATGA-1,Upper Layer
TAAGGCTTCATTGTCT-1,Upper Layer
TAAGTGCTCAGCACGC-1,Deeper Layer
TAATCACCAATTAAGG-1,Upper Layer
TAATCCGCAATTGCGC-1,Deeper Layer
TAATCCGCACCATATG-1,ExM
TAATCCGCAGGCATCT-1,Upper Layer
TAATCCGCAGGTTAAA-1,Deeper Layer
TAATCCGCATGCTATG-1,Cyc. Prog.
TAATGCATCCGTGACA-1,Deeper Layer
TAATGGACATTGTCAG-1,ExM
TAATGGTGTGCATTTC-1,IPC
TAATGGTGTTATAGCG-1,Subplate
TAATTGCCACTAAGAA-1,Deeper Layer
TAATTGCCATTAGCCA-1,Deeper Layer
TACAACATCATGTCAA-1,Deeper Layer
TACAACATCCCTTGCG-1,Deeper Layer
TACAGCTAGCGGGCAA-1,ExM
TACAGGTTCACCTGTC-1,Upper Layer
TACAGGTTCGAAGTAG-1,mGPC/OPC
TACAGGTTCTTTAAGG-1,Deeper Layer
TACCAAATCAATGTGC-1,Upper Layer
TACCAGGTCATGTGGT-1,Upper Layer
TACCAGGTCGCTAGAT-1,RG
TACCCGGCAATAACGA-1,ExM
TACCCGGCAGCAAATA-1,ExM
TACCCGGCATTGTGAT-1,Upper Layer
TACCGAAGTCAATACG-1,Subplate
TACCGCAAGGAAGCTA-1,Deeper Layer
TACCGCAAGGTCATTA-1,ExM
TACCGTTGTTGTGACA-1,Deeper Layer
TACCTCATCAACCAAC-1,Deeper Layer
TACCTCATCATAACGC-1,RG
TACCTCATCATCCACC-1,ExM
TACCTCATCTTAGCCC-1,Subplate
TACCTGCTCAGCATTA-1,Upper Layer
TACCTGCTCATAATCG-1,Upper Layer
TACCTGCTCTAAGTCA-1,Deeper Layer
TACCTTAGTAAGCTTG-1,RG
TACCTTAGTTCGCTCA-1,Deeper Layer
TACCTTTAGTCCTGAG-1,Subplate
TACGCTTGTTTGCTGT-1,Subplate
TACGCTTGTTTGTCTA-1,Cyc. Prog.
TACGGATTCATCCTAT-1,IPC
TACGGATTCTCAATGA-1,Upper Layer
TACGGATTCTCTAGCC-1,Subplate
TACGGTTAGGAAACTG-1,Deeper Layer
TACGGTTAGGTTACAC-1,Subplate
TACGTAATCAATGAGG-1,Deeper Layer
TACGTAATCATAACTG-1,Upper Layer
TACGTAATCGAAGTGA-1,Cyc. Prog.
TACGTAATCTAACCTT-1,ExM
TACGTAATCTCACATT-1,mGPC/OPC
TACGTACAGCCTAATA-1,IPC
TACGTTAAGACTAAGG-1,Subplate
TACGTTAAGGAAGCTA-1,Deeper Layer
TACGTTAAGTTCCCAC-1,Deeper Layer
TACTAAGTCATTTGTC-1,Subplate
TACTAAGTCGCTCCAT-1,Deeper Layer
TACTCAAAGGAACGGT-1,Upper Layer
TACTCGCTCCATTACT-1,ExM
TACTCGCTCTAATCAG-1,Deeper Layer
TACTGAGGTAGGTTGC-1,Deeper Layer
TACTGCACAACCGCCA-1,IPC
TACTGCACATTCCTGT-1,Deeper Layer
TACTGGCCAGGTCCTG-1,Deeper Layer
TACTTCGTCGATTTAG-1,Deeper Layer
TACTTGTTCCTGAATA-1,ExM
TAGACCAGTCTTTGAC-1,Deeper Layer
TAGACCAGTGCCGCAA-1,ExM
TAGACCAGTTGGTGAC-1,ExM
TAGAGCCGTACGATTG-1,ExM
TAGAGCCGTCCTTTAA-1,Subplate
TAGAGCCGTCGCAAAC-1,Subplate
TAGCAGGCAGAAATTG-1,Deeper Layer
TAGCAGGCATGACTAT-1,ExM
TAGCAGGCATGTCAAT-1,Deeper Layer
TAGCATATCAATCTAG-1,ExM
TAGCATATCTTGCAGG-1,Deeper Layer
TAGCCGGGTGCATCGG-1,Upper Layer
TAGCCTCTCGCGCTAA-1,Upper Layer
TAGCCTGAGCACGATT-1,Deeper Layer
TAGCCTGAGCTGTAAC-1,Upper Layer
TAGCCTGAGCTTACTT-1,Deeper Layer
TAGCCTTGTAAGCTTG-1,RG
TAGCCTTGTCCTTAGT-1,ExM
TAGCCTTGTGACCTGG-1,ExM
TAGCGCGGTAATTAGC-1,IPC
TAGCGCGGTACGCGCA-1,Deeper Layer
TAGCGCGGTCGCATAA-1,RG
TAGCGGACAAGGAATC-1,Deeper Layer
TAGCGGACACCTCGCT-1,Deeper Layer
TAGCGGACATGGCCCA-1,Upper Layer
TAGCGGCTCGGTCATG-1,Upper Layer
TAGCTAATCTCACAAA-1,ExM
TAGCTAATCTGTGCCT-1,IPC
TAGCTAGGTTCATCTA-1,Subplate
TAGCTTAAGGAAGCTA-1,Subplate
TAGCTTAAGTTTGGGT-1,Upper Layer
TAGGAACCACGTGCTG-1,Upper Layer
TAGGAACCAGACAAAC-1,ExM
TAGGAGGGTAGTAAGA-1,Deeper Layer
TAGGAGTCAAGTTATC-1,Upper Layer
TAGGAGTCAGCTTAAT-1,Deeper Layer
TAGGAGTCAGGAACTG-1,Deeper Layer
TAGGAGTCAGGCGATA-1,RG
TAGGCTGTCCACCTGT-1,ExM
TAGGCTGTCCCGTTGT-1,ExM
TAGGCTGTCCCTGGAA-1,RG
TAGGCTGTCCTAAGTA-1,RG
TAGGCTGTCCTGGTCT-1,RG
TAGGCTTAGAGAGGCT-1,ExM
TAGGCTTAGCGCCTTT-1,RG
TAGGGTTTCCCTGGAA-1,Deeper Layer
TAGGTGCGTTAGGTGC-1,Upper Layer
TAGGTGCGTTAGGTTG-1,Upper Layer
TAGGTTATCAATGAGG-1,RG
TAGTAACGTCGTTACT-1,ExM
TAGTACGGTGGAAACG-1,Deeper Layer
TAGTGAGAGGTACCGC-1,ExM
TAGTGAGAGTACCGCA-1,Deeper Layer
TAGTGGCGTACTTAGG-1,Deeper Layer
TAGTGGCGTGCTGGTG-1,Deeper Layer
TAGTGTGGTCAGGCCA-1,Deeper Layer
TAGTGTGGTGTGCACG-1,ExM
TAGTGTGGTTACATCC-1,Deeper Layer
TAGTGTGGTTTACTTG-1,Subplate
TAGTTGTCACCTAAGC-1,Subplate
TAGTTGTCAGGTTCAC-1,Upper Layer
TAGTTGTCATCCGTAA-1,ExM
TATAACCCAAATTCGT-1,Upper Layer
TATAACCCATAGACTT-1,ExM
TATAGCCAGGCTTAAC-1,ExM
TATAGCCAGTGATTCA-1,Upper Layer
TATAGCTCAAATACCT-1,ExM
TATAGCTCAATCTCTC-1,Deeper Layer
TATAGGTGTCCGCTGT-1,RG
TATATCCTCGTTAGCG-1,Deeper Layer
TATATCCTCGTTTCCA-1,IPC
TATCACAAGCCGCTAA-1,ExM
TATCACAAGCCTGTTC-1,Deeper Layer
TATCACAAGGCCCAGT-1,Upper Layer
TATCACGCAGGCCAAA-1,ExM
TATCACGCATTAGGTT-1,Upper Layer
TATCCAGCAGTAGGAT-1,Upper Layer
TATCCGGAGGTCGATT-1,Deeper Layer
TATCGAGGTTTGAGGC-1,IPC
TATCGCACAGTACCGT-1,RG
TATCGCACATCCATCT-1,ExM
TATCGCACATTGTGAT-1,Upper Layer
TATCGCGAGATAGACG-1,Upper Layer
TATCGCGAGGCAAGTA-1,RG
TATCGCGAGGTCCAAT-1,ExM
TATGAAGCAATCGCAC-1,Subplate
TATGAAGCACCTGGTG-1,RG
TATGAAGCAGTAGGAT-1,Upper Layer
TATGAAGCATCAATCG-1,Upper Layer
TATGACATCCAGGGAG-1,Deeper Layer
TATGACTCACTTACAG-1,ExM
TATGCATCAAAGGCCA-1,Deeper Layer
TATGCATCAGCAGGTA-1,Cyc. Prog.
TATGCATCAGTATGTT-1,RG
TATGGATGTAAGCTTG-1,Deeper Layer
TATGGATGTCTAACCT-1,Deeper Layer
TATGGATGTGAACAAA-1,Upper Layer
TATGGATGTGGATTAT-1,Upper Layer
TATGGCCCACAATTAC-1,RG
TATGGCCCAGGGAGCT-1,Deeper Layer
TATGGCCCATGAAGTA-1,Upper Layer
TATGGGCGTCACGGAT-1,Deeper Layer
TATGGGCGTCACTCGC-1,Upper Layer
TATGGTCAGAACAAGT-1,RG
TATGGTCAGGAGCATA-1,Cyc. Prog.
TATGGTCAGGCATGAA-1,Deeper Layer
TATGGTCAGGGTTAGA-1,Deeper Layer
TATGGTCAGTCATGCG-1,ExM
TATGGTCAGTTAACCA-1,Deeper Layer
TATGTGATCCCTGGTT-1,Upper Layer
TATTAGCCAACACCTA-1,ExM
TATTAGCCATAAGTCT-1,ExM
TATTCGTTCCCTGACT-1,Upper Layer
TATTCGTTCTCCTCTT-1,Cyc. Prog.
TATTGACCATCATGGC-1,Upper Layer
TATTTGCTCGATTCTT-1,Deeper Layer
TATTTGCTCTAGCTTT-1,Deeper Layer
TATTTGGAGCCACATG-1,IPC
TATTTGGAGGCTACTG-1,IPC
TATTTGGAGTACTGGT-1,Upper Layer
TCAAACCAGGCGCATC-1,Deeper Layer
TCAAGAACAAAGGCCA-1,Deeper Layer
TCAAGAACATTAAGTC-1,Deeper Layer
TCAAGACTCATGTGGT-1,ExM
TCAAGACTCCGCATGA-1,Upper Layer
TCAAGACTCCTCAGCT-1,Upper Layer
TCAAGACTCGACCTGA-1,Upper Layer
TCAAGACTCTGCAACG-1,ExM
TCAAGCTAGCACTTGG-1,Deeper Layer
TCAAGCTAGGACCTCA-1,Subplate
TCAAGCTAGTATCGCG-1,Upper Layer
TCAAGCTAGTTCCCAC-1,Upper Layer
TCAAGTATCGCAACAT-1,Deeper Layer
TCAATCGCAAAGCTCC-1,Cyc. Prog.
TCAATCGCATCATGTG-1,ExM
TCACATAAGGGATGAC-1,Subplate
TCACATAAGTTGGGCC-1,Subplate
TCACCTCAGAGCAAGC-1,Upper Layer
TCACCTCAGATGGAGC-1,ExM
TCACCTGGTGTTAGCA-1,Subplate
TCACCTGGTTGGTTCT-1,Upper Layer
TCACGGATCATAACGC-1,Deeper Layer
TCACGGATCCTAAGGT-1,Deeper Layer
TCACGGATCGACCTGA-1,ExM
TCACTGACACGAATCC-1,RG
TCACTGACATAAAGCA-1,ExM
TCACTGACATTGCGTA-1,Deeper Layer
TCAGCAAGTCAACAAT-1,Upper Layer
TCAGCAAGTCATTGTC-1,Deeper Layer
TCAGCGATCAGCACGC-1,Deeper Layer
TCAGCGATCCTTAGTT-1,Upper Layer
TCAGCGATCTCACACC-1,ExM
TCAGGAGCACCTAAGC-1,ExM
TCAGGTCCAATAGCAA-1,Cyc. Prog.
TCAGGTCCAGTATGTT-1,Cyc. Prog.
TCAGGTTAGGGTCTAT-1,IPC
TCAGGTTAGTGAGAGC-1,RG
TCAGTAGGTGCTTACT-1,Deeper Layer
TCAGTGAGTAATGGCC-1,RG
TCAGTGAGTCCAAGAC-1,Deeper Layer
TCAGTGAGTGGACCTG-1,Cyc. Prog.
TCAGTGAGTGTTTGTC-1,Deeper Layer
TCAGTGAGTTAACGAT-1,Deeper Layer
TCATAACCACAGACTC-1,ExM
TCATAACCACGGTTTA-1,Deeper Layer
TCATAACCAGGATAAC-1,RG
TCATAACCATCCTGAA-1,RG
TCATAACCATCGTTCT-1,Deeper Layer
TCATACTTCCCGCAAA-1,Deeper Layer
TCATACTTCGTTCACC-1,Deeper Layer
TCATCCATCATAGCCG-1,RG
TCATGAGGTGCTGGTG-1,IPC
TCATGCCTCATAGACC-1,Subplate
TCATGCCTCTCACTAT-1,Deeper Layer
TCATGTTTCAGAAACG-1,Deeper Layer
TCATGTTTCCCGCATT-1,Upper Layer
TCATTACTCGCCTGTT-1,Deeper Layer
TCATTGCGTCAAGTAT-1,ExM
TCATTGTTCAGCATTA-1,Upper Layer
TCATTGTTCATGTCAA-1,Deeper Layer
TCATTTGGTGAAACAA-1,Upper Layer
TCCACAACAAGGGTTG-1,Subplate
TCCACAACAGTTGCGT-1,Upper Layer
TCCACAACATGCTTAG-1,Upper Layer
TCCAGCAAGCATTTCT-1,RG
TCCAGCAAGGAGGCAT-1,ExM
TCCAGCAAGTTAGGCT-1,RG
TCCATAAAGCCAAATC-1,ExM
TCCATATTCATGACCG-1,Upper Layer
TCCATCATCATGGTTA-1,Cyc. Prog.
TCCATCATCGCACACA-1,ExM
TCCATCATCTCACTAT-1,Upper Layer
TCCATTGTCCCTCTAA-1,ExM
TCCCGGACAAATATCC-1,Upper Layer
TCCCGGACAGCAATAA-1,Subplate
TCCCGGACATGAAATG-1,Cyc. Prog.
TCCCTCACAGTACCGT-1,Subplate
TCCGCCATCCATTACT-1,ExM
TCCGCCATCTCACACC-1,Cyc. Prog.
TCCGGAATCACTTTAC-1,IPC
TCCGGTAAGGTGTCCA-1,ExM
TCCGGTAAGTAGGATG-1,ExM
TCCGGTTTCATAACTG-1,Deeper Layer
TCCGGTTTCCGCAAAT-1,Deeper Layer
TCCGGTTTCGTACCGA-1,ExM
TCCTAGTGTTAGTGAT-1,Deeper Layer
TCCTAGTGTTCACTGT-1,ExM
TCCTAGTGTTGGATAT-1,Upper Layer
TCCTCAATCAGTGAAG-1,RG
TCCTCAATCATGTCAA-1,Deeper Layer
TCCTCAATCCTAATAG-1,Upper Layer
TCCTCAATCGACAAAG-1,Deeper Layer
TCCTCACAGGAACCAA-1,ExM
TCCTCACAGTTAGCTA-1,Deeper Layer
TCCTCTAAGTCATGCG-1,ExM
TCCTGGTTCTATCGCC-1,ExM
TCCTGGTTCTATGACA-1,RG
TCCTGGTTCTGCAAAC-1,Deeper Layer
TCCTGTTCAACCCTCC-1,RG
TCCTGTTCAGTGAACG-1,Subplate
TCCTGTTCATTAGGCC-1,Deeper Layer
TCCTTAGTCGATTTAG-1,Cyc. Prog.
TCCTTAGTCTTGGATA-1,ExM
TCCTTCAAGGACTAAG-1,Cyc. Prog.
TCCTTCAAGTAACGGA-1,RG
TCCTTCAAGTAGAGGC-1,RG
TCCTTGCAGCAGCTCA-1,Upper Layer
TCCTTTACACCTACGG-1,ExM
TCGACAAGTGACCTGG-1,Deeper Layer
TCGACAAGTTACATCC-1,Deeper Layer
TCGATTAAGCTGAGGG-1,Deeper Layer
TCGATTAAGGACCAGG-1,Upper Layer
TCGATTAAGGCGGGTA-1,ExM
TCGATTAAGGCTCATG-1,Deeper Layer
TCGCATTGTAAATTGC-1,IPC
TCGCATTGTGTGCAAC-1,Deeper Layer
TCGCATTGTTTCGCCA-1,Upper Layer
TCGCCCATCATTAGGC-1,IPC
TCGCCCATCCAGCACA-1,Deeper Layer
TCGCCCATCGATTCTT-1,ExM
TCGCGAGGTTCATCTA-1,Deeper Layer
TCGCGAGGTTTAAAGC-1,Deeper Layer
TCGCGAGGTTTACCGT-1,Deeper Layer
TCGCGCACATAAGGAC-1,ExM
TCGCTAACACAAAGAC-1,Upper Layer
TCGGTAAGTGTCCTGC-1,Deeper Layer
TCGGTAAGTTGTCCAT-1,RG
TCGGTTCTCCCGCCTA-1,ExM
TCGGTTCTCCCTCGCA-1,ExM
TCGGTTCTCGATTTGA-1,Subplate
TCGGTTCTCGGTTTCC-1,Upper Layer
TCGGTTTGTGTTGCTT-1,RG
TCGTAATCAAACCTAT-1,IPC
TCGTAATCAAGTTATC-1,Upper Layer
TCGTAATCACATAACT-1,RG
TCGTAATCAGGACCAA-1,ExM
TCGTAATCAGGCCATT-1,IPC
TCGTCAACAGTTTGGC-1,IPC
TCGTCAACATGAAGTA-1,Deeper Layer
TCGTGCTTCGGTCAGC-1,Deeper Layer
TCGTGCTTCTTTAAGG-1,Subplate
TCGTTAAAGATTCCTT-1,ExM
TCGTTAAAGCCGCAGT-1,Deeper Layer
TCGTTAGCAAAGCTAA-1,Deeper Layer
TCGTTAGCATTAAAGG-1,Deeper Layer
TCGTTTCCACACAATT-1,Upper Layer
TCTAACCGTAGCTGGT-1,ExM
TCTAACCGTGTTGTGA-1,Deeper Layer
TCTAACCGTTGTCATC-1,RG
TCTAACTTCATGCTCC-1,IPC
TCTAATCTCTCTAGCC-1,IPC
TCTACCTCAATCCTAG-1,IPC
TCTACCTCAATTAGGA-1,Deeper Layer
TCTACCTCACCTAAGC-1,ExM
TCTACCTCACCTGCTC-1,Deeper Layer
TCTACCTCAGGTTAAA-1,Cyc. Prog.
TCTACTAGTAACCACA-1,Upper Layer
TCTACTAGTGCATCGG-1,RG
TCTACTAGTTACAACG-1,ExM
TCTAGCACATTATGGT-1,Upper Layer
TCTAGCCTCCATTACT-1,Deeper Layer
TCTAGCCTCTTTGTAC-1,RG
TCTAGCGAGCACTAAC-1,ExM
TCTAGCGAGGCATGTT-1,Upper Layer
TCTATGTTCCCGCAAA-1,Subplate
TCTATGTTCGGCCAGT-1,Cyc. Prog.
TCTCAAGCAAAGCTCC-1,ExM
TCTCAATTCCCTCAAC-1,Deeper Layer
TCTCAATTCCGGTTAG-1,Upper Layer
TCTCACCAGTCATTAG-1,IPC
TCTCCTCGTACCGTTT-1,Subplate
TCTCCTCGTCAGGCAT-1,Upper Layer
TCTGGCTTCACCGGTA-1,Deeper Layer
TCTGGCTTCATGGTGT-1,Subplate
TCTGTGACAAGGTAAC-1,Cyc. Prog.
TCTGTGACACTAAATC-1,Deeper Layer
TCTTAGCGTGCATCGG-1,ExM
TCTTAGCGTTCCTGTG-1,Upper Layer
TCTTAGCGTTGAGCCG-1,RG
TCTTAGTTCCGCCTAT-1,Upper Layer
TCTTAGTTCCTCCTAA-1,Upper Layer
TCTTAGTTCGAGGAGT-1,Subplate
TCTTAGTTCTTGCATT-1,Deeper Layer
TCTTCAAGTAGCTAAT-1,Subplate
TCTTCAAGTGGTTCCC-1,Deeper Layer
TCTTGACGTTGGATCA-1,Deeper Layer
TCTTGTCCAGCAAATA-1,Deeper Layer
TCTTGTCCATGGAGGC-1,Upper Layer
TCTTGTCCATGTCGCG-1,Upper Layer
TCTTGTCCATGTGGGA-1,Deeper Layer
TCTTTGTAGGCTACAT-1,ExM
TCTTTGTAGTTATGGC-1,Upper Layer
TGAAACTGTCAAGTAT-1,Subplate
TGAAACTGTTCCGGGA-1,Subplate
TGAACAACACCACAAC-1,Deeper Layer
TGAACAGAGCAGGTGG-1,Deeper Layer
TGAAGGATCGAGCAAA-1,IPC
TGAAGTGAGCAAGACA-1,Upper Layer
TGAAGTGAGCTTACTT-1,Upper Layer
TGACCAAGTCGCGCAA-1,Deeper Layer
TGACCAAGTCTTTGAC-1,IPC
TGACCTTGTCCTAACT-1,Deeper Layer
TGACCTTGTTAAGTGT-1,Deeper Layer
TGACCTTGTTTGCTGT-1,ExM
TGACTCCTCAATCTCT-1,ExM
TGACTCCTCAGTATTG-1,IPC
TGACTCCTCCGCAACA-1,Deeper Layer
TGACTTAAGACTATTG-1,Deeper Layer
TGACTTAAGCATGCAT-1,Deeper Layer
TGACTTAAGTCCTTCA-1,Deeper Layer
TGACTTCGTACTGAAT-1,Upper Layer
TGACTTCGTCAAAGGG-1,IPC
TGACTTCGTGTTTGCT-1,Deeper Layer
TGAGAACCAGAATGAC-1,Subplate
TGAGCAAAGACACTTA-1,RG
TGAGCAAAGCACAGGG-1,Cyc. Prog.
TGAGCCGGTAGGATTT-1,Deeper Layer
TGAGCTTAGAACCTGT-1,IPC
TGAGGAGGTAGGTTAT-1,Deeper Layer
TGAGGCACAGGTCCTG-1,Deeper Layer
TGAGGGCCAACCCTAA-1,Cyc. Prog.
TGAGGGCCAGCCTGCA-1,Subplate
TGAGTGAAGACTCGCA-1,Cyc. Prog.
TGAGTTTCAGGAACAT-1,Upper Layer
TGAGTTTCATGAATCT-1,Deeper Layer
TGAGTTTCATGGTTAT-1,RG
TGATCAATCATTGACA-1,ExM
TGATCAATCCTTAGGG-1,Deeper Layer
TGATCACAGATAAAGC-1,Upper Layer
TGATCACAGCGAGCGA-1,Deeper Layer
TGATCACAGTTGGCCA-1,ExM
TGATCAGGTGAGCGAA-1,ExM
TGATCCTGTTGAGGTC-1,IPC
TGATCGAGTGTTTGAG-1,ExM
TGATCGAGTTTATGGG-1,Deeper Layer
TGATGAACAGGAATCG-1,Deeper Layer
TGATGACTCGAAGCGG-1,ExM
TGATGACTCGCTAGTG-1,Subplate
TGATGATGTAAGCTTG-1,Deeper Layer
TGATGATGTCCTAGTT-1,RG
TGATGATGTCGCAATA-1,ExM
TGATGATGTCTATCGT-1,Cyc. Prog.
TGATGATGTTACTTCA-1,Upper Layer
TGATTCAAGTTATGGC-1,Deeper Layer
TGATTGCAGGAATAAC-1,Upper Layer
TGATTGCAGGAGCATA-1,Deeper Layer
TGCAAGCGTTTCCTCC-1,Deeper Layer
TGCACACCAAATGCCC-1,Upper Layer
TGCACACCATCATGTG-1,ExM
TGCACCTTCAAATCGC-1,ExM
TGCACCTTCGTTTCGC-1,ExM
TGCACTTGTGGGTACT-1,ExM
TGCACTTGTTGTGACA-1,Deeper Layer
TGCAGGCTCATGTCAA-1,Upper Layer
TGCAGGCTCCGGAACC-1,IPC
TGCAGGCTCCTTGTTG-1,Subplate
TGCATCCTCAATCTCT-1,Deeper Layer
TGCATGAGTAATCGGC-1,Deeper Layer
TGCATGAGTCCCGAAG-1,Deeper Layer
TGCATGAGTGGAAGGC-1,ExM
TGCATTAAGGACCTGC-1,Upper Layer
TGCATTAAGTTATCTC-1,Subplate
TGCCATTGTACGTTTC-1,RG
TGCCATTGTCATCAAG-1,RG
TGCCATTGTGGATTGC-1,IPC
TGCCATTGTTAGTACG-1,RG
TGCCGGTAGGCTACTG-1,Upper Layer
TGCCTGTTCCCTGATC-1,Upper Layer
TGCCTGTTCGGTCATG-1,ExM
TGCGATTAGCTATGAC-1,IPC
TGCGATTAGGTCCTGA-1,Upper Layer
TGCGCAGGTATTACCC-1,RG
TGCGGTTCAATAGCAA-1,IPC
TGCTAACAGCGAGTAA-1,Deeper Layer
TGCTAACAGTAATCCA-1,Deeper Layer
TGCTAACAGTTCCCGT-1,Upper Layer
TGCTAGCCAACTGGCT-1,IPC
TGCTAGCCAGCAAATA-1,Cyc. Prog.
TGCTATGCAGCTTAGC-1,Deeper Layer
TGCTATGCAGTTAAAG-1,ExM
TGCTATGCATCCGTAA-1,RG
TGCTATGCATGCTCCC-1,Upper Layer
TGCTCAACAAGCTTTG-1,RG
TGCTCAACAGCACGTT-1,ExM
TGCTCAACATTGCAGC-1,Deeper Layer
TGCTCACTCCAGCACA-1,RG
TGCTCACTCCTTAATC-1,Deeper Layer
TGCTCCGTCATGTTTC-1,Subplate
TGCTCCGTCGCTAAGT-1,Deeper Layer
TGCTCCGTCTCATCAT-1,ExM
TGCTCCGTCTCCTCAA-1,Upper Layer
TGCTCTCAGACAGGTA-1,Deeper Layer
TGCTCTCAGCACTAGT-1,ExM
TGCTCTCAGCGGATAA-1,Upper Layer
TGCTCTCAGCTCAAAC-1,Subplate
TGCTGGATCCATAAGC-1,Deeper Layer
TGCTTAAAGCTGTACG-1,Deeper Layer
TGCTTAAAGTAACGAG-1,Upper Layer
TGCTTCATCGGTCAAT-1,ExM
TGCTTCATCGTTATAG-1,Upper Layer
TGCTTGCTCCCTCTAA-1,IPC
TGCTTGCTCGCCTGTT-1,Deeper Layer
TGCTTGTGTAGCCATA-1,Deeper Layer
TGCTTTAGTTACAACG-1,Upper Layer
TGGAACAAGGTAAGCA-1,Deeper Layer
TGGACAAAGTTCCTCA-1,Deeper Layer
TGGACCGGTCATTGTC-1,Deeper Layer
TGGACCGGTTCACCCA-1,ExM
TGGACGGAGGAGTCTT-1,Deeper Layer
TGGACTAGTCAATAGT-1,Upper Layer
TGGACTAGTGTTGCTT-1,RG
TGGATTGGTTCGCTCA-1,IPC
TGGATTGGTTGCAATG-1,Deeper Layer
TGGCCAATCGCTAAGT-1,Upper Layer
TGGCCAATCGTCATTT-1,ExM
TGGCCATCAAGTCGCT-1,Deeper Layer
TGGCCATCACAGAAAC-1,mGPC/OPC
TGGCCATCAGGTTATT-1,Deeper Layer
TGGCCATCATAAGTTC-1,Deeper Layer
TGGCCTGCACTTACAG-1,Deeper Layer
TGGCCTTTCCACCTGT-1,Deeper Layer
TGGCCTTTCCGGTTAG-1,RG
TGGCCTTTCTCACACC-1,ExM
TGGCGGTTCCAACTGG-1,RG
TGGCGGTTCCGGTTGA-1,Deeper Layer
TGGCGGTTCCTAATAG-1,ExM
TGGCGGTTCTTGCTAT-1,RG
TGGCTAAGTCTAACCT-1,RG
TGGCTATAGGTAGCTT-1,Deeper Layer
TGGCTTTGTCGCAATA-1,Upper Layer
TGGCTTTGTCTCAGCC-1,Subplate
TGGCTTTGTTAGAGCC-1,IPC
TGGGCATGTACTGATG-1,IPC
TGGGCATGTCAAGTAT-1,Subplate
TGGGCATGTTGCCTCA-1,ExM
TGGGCATGTTGGTTCT-1,Subplate
TGGGCCTAGCTATTAG-1,RG
TGGGCCTAGTCATTTC-1,ExM
TGGTAAACAGCAAATA-1,Deeper Layer
TGGTCAAGTGGACCTG-1,Deeper Layer
TGGTCAGTCCGGTTAG-1,Deeper Layer
TGGTCATAGAGAGGCT-1,ExM
TGGTCATAGCCTTAAA-1,Deeper Layer
TGGTCATAGCTTAACA-1,ExM
TGGTCATAGGGATTAG-1,IPC
TGGTCATAGTAGCCAT-1,IPC
TGGTCATAGTTAACCA-1,Deeper Layer
TGGTCCTTCATGCTCC-1,Deeper Layer
TGGTCCTTCCACCCTG-1,Upper Layer
TGGTCCTTCGCTAGAT-1,Upper Layer
TGGTGATTCCCTGGAA-1,Deeper Layer
TGGTTCTGTCATGCAA-1,Upper Layer
TGGTTCTGTTAGAGGG-1,ExM
TGGTTGAGTATTTGGG-1,Upper Layer
TGGTTGAGTCCCGGAA-1,Subplate
TGTAAAGCAGCAAGGC-1,Upper Layer
TGTAAAGCATCTAGCA-1,Upper Layer
TGTAACTCAGAAATGC-1,Deeper Layer
TGTAAGCTCCACCTTA-1,Upper Layer
TGTAAGCTCGCACAAT-1,ExM
TGTAAGCTCGGTAACT-1,Upper Layer
TGTAAGTGTCGACTCC-1,Upper Layer
TGTAAGTGTCTCACTG-1,Deeper Layer
TGTAATGTCATGCAAC-1,Deeper Layer
TGTAATGTCCTGGTGA-1,Upper Layer
TGTAATGTCGGTTTGG-1,ExM
TGTATCCGTGTTTCAC-1,Upper Layer
TGTATCGCACAAGCCT-1,Subplate
TGTCAGTAGGAAACTG-1,Upper Layer
TGTCAGTAGGACCTGC-1,Cyc. Prog.
TGTCAGTAGGAGGGTT-1,Upper Layer
TGTCCTGGTGGATTCA-1,ExM
TGTCCTGGTTTAACCC-1,ExM
TGTGATCAGCTATTGA-1,Subplate
TGTGCGCAGGCATGAA-1,Upper Layer
TGTGCGGGTATTTGCC-1,RG
TGTGCGGGTTTAGTCC-1,Upper Layer
TGTGCTGAGGAGGGTT-1,ExM
TGTGGAGCAGTACCGT-1,Upper Layer
TGTGGCCAGGCTATGT-1,ExM
TGTGGCCAGTTTAACG-1,ExM
TGTGGCTCACCGTTCC-1,Cyc. Prog.
TGTGGCTCAGGCTACT-1,Deeper Layer
TGTGTGAGTACTGAAT-1,Upper Layer
TGTGTGAGTTAGGCTA-1,ExM
TGTGTGAGTTGTGACA-1,Upper Layer
TGTGTTAAGGCAAGTA-1,Upper Layer
TGTTACTTCTGTAAGC-1,Upper Layer
TGTTATGAGTCATTAG-1,Upper Layer
TGTTCATTCAATGAGG-1,RG
TGTTCATTCGCTCACT-1,ExM
TGTTGCACAATTTGGT-1,RG
TGTTGCACATTAGGTT-1,Upper Layer
TGTTGGCCAACCCTAA-1,ExM
TGTTGGCCAGAGGCTA-1,Subplate
TGTTGGCCATTATGAC-1,ExM
TGTTGTGCAGGCCATT-1,Deeper Layer
TGTTGTTTCAAATCGC-1,ExM
TGTTTGTTCCAGGGAG-1,Subplate
TGTTTGTTCGTTAACA-1,ExM
TGTTTGTTCTAAGGTC-1,Upper Layer
TTAAAGGCATAATTGC-1,Subplate
TTAACCAAGTTTCCTG-1,ExM
TTAACTGAGCCGCTAA-1,IPC
TTAACTGAGTCCTGAG-1,ExM
TTAACTGAGTGAGCAA-1,Subplate
TTAACTGAGTTGCCTC-1,RG
TTAAGGACAAACCTAT-1,ExM
TTAAGGTGTCCACAAA-1,ExM
TTAAGGTGTTGACTTC-1,Deeper Layer
TTAAGTGTCCAAATCA-1,ExM
TTAAGTGTCCTAACGG-1,ExM
TTAAGTGTCCTGCGAA-1,Upper Layer
TTAATCGAGTAACTCA-1,ExM
TTAATCGAGTTTGCGG-1,Cyc. Prog.
TTACACCGTCCTCCAA-1,Upper Layer
TTACACCGTGCTTAGA-1,Deeper Layer
TTACAGCAGGCGGATG-1,ExM
TTACCTGTCCGGTATG-1,Subplate
TTACCTGTCGCCTAAG-1,Deeper Layer
TTACCTGTCTACCTCA-1,RG
TTACGTTTCGATATTG-1,ExM
TTACGTTTCGCATTAA-1,Deeper Layer
TTACGTTTCTTAGGGT-1,Deeper Layer
TTAGAAGCACCTACTT-1,Cyc. Prog.
TTAGACTCACTAAGCC-1,Upper Layer
TTAGCAGGTACTGAAT-1,Deeper Layer
TTAGCAGGTTGTAACG-1,Upper Layer
TTAGCCTGTTCCATTA-1,IPC
TTAGCCTGTTTGGGCG-1,RG
TTAGCGGTCATAGACC-1,Subplate
TTAGCTGCATAGCTTG-1,Cyc. Prog.
TTAGCTGCATTGCGAC-1,ExM
TTAGGATGTTTCCGGC-1,Deeper Layer
TTAGGCCCAACGTGCT-1,Upper Layer
TTAGGCCCATCACAGC-1,Deeper Layer
TTAGGCCCATTTAAGC-1,Subplate
TTAGGCGTCACTCAAA-1,Deeper Layer
TTAGGCGTCGTCCTTA-1,Deeper Layer
TTAGTCAAGCCTAACG-1,Deeper Layer
TTAGTCAAGCGCCTTT-1,Cyc. Prog.
TTAGTCAAGGGTGAGT-1,RG
TTAGTCAAGTAGCTTA-1,Cyc. Prog.
TTATCCGTCCTAAGTA-1,Deeper Layer
TTATCCTAGGAAACTG-1,Subplate
TTATCCTAGGAACGGT-1,RG
TTATCCTAGGCGAATA-1,Deeper Layer
TTATGACCAGTTTCTC-1,Upper Layer
TTCAACCGTACAAAGA-1,Deeper Layer
TTCAGGTAGCTATTAG-1,ExM
TTCAGGTAGGATAAAC-1,Upper Layer
TTCAGGTAGTAACGAG-1,Deeper Layer
TTCAGTTTCAATCTAG-1,Upper Layer
TTCAGTTTCCATCAGG-1,Deeper Layer
TTCATCCCACTAAGCC-1,ExM
TTCATCCCAGTCTAAT-1,ExM
TTCATTCAGGAGCACG-1,Deeper Layer
TTCCACGGTCATCAAG-1,Cyc. Prog.
TTCCCACAGTCTTGAA-1,ExM
TTCCCACAGTTTGTCT-1,Deeper Layer
TTCCTTGAGTAATCCA-1,Deeper Layer
TTCGCAACAGGATGGC-1,ExM
TTCGCAACATTGTGTG-1,ExM
TTCGGTACAATTGAGA-1,Upper Layer
TTCGTGCTCATGCGTG-1,Upper Layer
TTCGTGCTCGGCCAGT-1,Deeper Layer
TTCGTGCTCTTAGCCC-1,RG
TTCGTTAGTTATCCTA-1,Deeper Layer
TTCTTAGGTCATCAAG-1,ExM
TTCTTAGGTGGTTAGC-1,ExM
TTGACATCAAATATCC-1,Deeper Layer
TTGACATCACATAACT-1,RG
TTGACATCAGCTACGT-1,Subplate
TTGACATCAGGAACAT-1,Deeper Layer
TTGACGTAGGTGCGGA-1,RG
TTGACGTAGTGAACAG-1,mGPC/OPC
TTGACGTAGTGATTCA-1,Deeper Layer
TTGACTAAGCACAGCC-1,ExM
TTGAGCTAGAGGAGGA-1,Deeper Layer
TTGAGCTAGGTCCAAT-1,ExM
TTGAGGCGTTAGCCAA-1,ExM
TTGAGGCGTTTGAGGC-1,Deeper Layer
TTGCAATCAATGCCTA-1,ExM
TTGCACACAAGTAAGC-1,Deeper Layer
TTGCACACACCAGGTT-1,Upper Layer
TTGCACACAGGACCTT-1,ExM
TTGCAGCCAAACTGTT-1,Upper Layer
TTGCAGCCACCGGCTA-1,Deeper Layer
TTGCATTTCAAATCGC-1,Deeper Layer
TTGCATTTCTCAATTC-1,Deeper Layer
TTGCGAGTCAGGCTAT-1,Subplate
TTGCGAGTCCTCCTAA-1,Deeper Layer
TTGCGTCTCGGGACTC-1,ExM
TTGCTCTCAAGGACCA-1,ExM
TTGCTCTCACTATGGC-1,ExM
TTGCTCTCACTTGTTC-1,Deeper Layer
TTGCTCTCAGCCTGCA-1,Deeper Layer
TTGCTCTCAGTAGGAT-1,Deeper Layer
TTGCTTAGTTGTGATG-1,Deeper Layer
TTGCTTTAGTATTGGC-1,RG
TTGGAGGCAATAACGA-1,Deeper Layer
TTGGAGGCACCAAAGG-1,Subplate
TTGGAGGCATGCATAT-1,Deeper Layer
TTGGAGGCATGTTTGG-1,RG
TTGGATATCATAACTG-1,ExM
TTGGATATCCGTAAAC-1,Deeper Layer
TTGGATCAGCATCCAG-1,Deeper Layer
TTGGATCAGCGATAAG-1,ExM
TTGGATCAGTTCCCGT-1,ExM
TTGGATTCACAATGTT-1,Deeper Layer
TTGGCTACAGGTATTT-1,ExM
TTGGCTGAGGCTTAGT-1,ExM
TTGGCTTGTCATCATC-1,RG
TTGGCTTGTTAATGAC-1,IPC
TTGGGCCAGCTGTCAG-1,ExM
TTGGGCCAGGTGAGAC-1,RG
TTGGGCCAGTCACCTC-1,Deeper Layer
TTGGGCCAGTGAGGGT-1,Subplate
TTGGGCGGTGTCCAGG-1,Subplate
TTGGGTTAGGAACGGT-1,ExM
TTGGGTTAGGCTCATG-1,Upper Layer
TTGGGTTAGGGCCACT-1,Subplate
TTGGTGAGTAAACAAG-1,ExM
TTGGTGAGTGTCCAGG-1,Subplate
TTGTCAAAGCACTAGT-1,Subplate
TTGTCAAAGGAAGTAT-1,Deeper Layer
TTGTCAAAGGTGAGAC-1,Deeper Layer
TTGTCCATCCTAGTTT-1,Subplate
TTGTCCATCGTTATCT-1,Upper Layer
TTGTCCCAGCAATAGG-1,Subplate
TTGTCCGGTTGCAATG-1,RG
TTGTGAGGTCAAAGGG-1,Deeper Layer
TTGTGAGGTGCTCCAC-1,Deeper Layer
TTGTGAGGTGGATTAT-1,Upper Layer
TTGTGAGGTTCGGGAT-1,RG
TTGTGCCTCATGGCTG-1,Subplate
TTGTGCGAGCACTAAC-1,RG
TTGTGTGCAACAGGTG-1,Subplate
TTGTGTGCAGCACGTT-1,RG
TTGTGTGCAGGGAGGA-1,Upper Layer
TTGTTCCCATAAGTCT-1,mGPC/OPC
TTGTTGCGTAGGTTTG-1,mGPC/OPC
TTGTTGCGTCAAAGGG-1,ExM
TTGTTGCGTTAGCGTA-1,Upper Layer
TTGTTGCGTTCGCTTG-1,Deeper Layer
TTGTTGTTCATGCAAC-1,Subplate
TTGTTGTTCCTAAGGT-1,ExM
TTGTTTGGTCAATAGT-1,Upper Layer
TTTAACCTCACTAAGC-1,ExM
TTTAACCTCAGGAACA-1,Subplate
TTTAACCTCTAGCTAA-1,Deeper Layer
TTTAACGAGAGAAGGG-1,Deeper Layer
TTTAACGAGATAACCC-1,Deeper Layer
TTTAAGCCAAAGGCCA-1,RG
TTTAAGCCACAAAGAC-1,Upper Layer
TTTAAGCCACCCACAG-1,Deeper Layer
TTTAAGGTCGGCCAGT-1,ExM
TTTAAGGTCGGGACCT-1,Subplate
TTTACGAAGCATTTCT-1,Subplate
TTTACGAAGGAGCAAC-1,RG
TTTACGCGTCCGTAGG-1,Subplate
TTTAGCAAGCATGACT-1,Deeper Layer
TTTAGCAAGCATTAGC-1,RG
TTTAGCAAGCCTGATG-1,IPC
TTTAGCTTCAAACCGT-1,Deeper Layer
TTTAGCTTCTACTAAG-1,RG
TTTAGGATCTTTAAGG-1,IPC
TTTATGGAGAACAAGT-1,Upper Layer
TTTATGGAGGGACTAA-1,Upper Layer
TTTCACCCAGAAATGC-1,Subplate
TTTCACCCAGAAATTG-1,Subplate
TTTCACCCAGCATGTC-1,Deeper Layer
TTTCAGTTCAGGAAGC-1,Subplate
TTTCCGGGTTAATGAC-1,Subplate
TTTCCGGGTTGGTTCT-1,Subplate
TTTCCGGGTTGTGACA-1,ExM
TTTCCTGAGGAACCGG-1,ExM
TTTCCTGAGGCGGATG-1,Upper Layer
TTTCCTGAGTAGAGGC-1,Deeper Layer
TTTCGTCCAGGACCAA-1,ExM
TTTCGTCCAGGCAAGC-1,Deeper Layer
TTTCTCACACGTGCTG-1,Deeper Layer
TTTCTCACAGTAATAG-1,Subplate
TTTCTCACATAATGAG-1,Upper Layer
TTTCTTGCAAGGTCCT-1,Upper Layer
TTTCTTGCACCGGTAT-1,Cyc. Prog.
TTTCTTGCAGCCTGCA-1,Subplate
TTTCTTGCAGGCCATT-1,IPC
TTTGACTTCTCTAGCC-1,ExM
TTTGAGTCACATAGCC-1,ExM
TTTGAGTCAGGTTATT-1,Deeper Layer
TTTGAGTCAGTTATGT-1,RG
TTTGAGTCATAGCAGG-1,Deeper Layer
TTTGAGTCATTTGCTC-1,Deeper Layer
TTTGCATTCAATGTCA-1,ExM
TTTGCATTCACGCGGT-1,Upper Layer
TTTGCATTCCGTTAAA-1,Deeper Layer
TTTGCATTCCTAAGTA-1,Deeper Layer
TTTGCGACAAGGTAAC-1,Upper Layer
TTTGCGACATAAGTCT-1,IPC
TTTGCGGAGCTCCTTA-1,Deeper Layer
TTTGCGGAGGGCCATC-1,Deeper Layer
TTTGCGGAGTAGCTTA-1,Deeper Layer
TTTGGCTGTTACCTGT-1,Cyc. Prog.
TTTGGCTGTTAGTTGG-1,ExM
TTTGGTAAGCGATACT-1,ExM
TTTGGTAAGGCGCTAC-1,Subplate
TTTGGTAAGTGAGCGG-1,RG
TTTGGTGCAATATAGG-1,ExM
TTTGGTGCACTCAACA-1,ExM
TTTGTCCCAATTTAGC-1,Deeper Layer
TTTGTCCCATAATGTC-1,Upper Layer
TTTGTCTAGAAAGCAT-1,Deeper Layer
TTTGTCTAGAATCTCA-1,ExM
TTTGTCTAGTCCTTCA-1,Subplate
TTTGTCTAGTTGCCTC-1,Upper Layer
TTTGTGAAGCTGGAAA-1,Upper Layer
TTTGTGGCACTCAACA-1,IPC
TTTGTGGCATAATCGT-1,Subplate
TTTGTGGCATTTGCTC-1,Upper Layer
TTTGTGTTCAATGACC-1,IPC
TTTGTTGGTGGAGCAA-1,Deeper Layer
TTTGTTGGTTAGAGCC-1,Deeper Layer
